<?xml version="1.0" encoding="UTF-8"?>
<project-private xmlns="http://www.netbeans.org/ns/project-private/1">
    <editor-bookmarks xmlns="http://www.netbeans.org/ns/editor-bookmarks/2" lastBookmarkId="0"/>
    <open-files xmlns="http://www.netbeans.org/ns/projectui-open-files/2">
        <group>
            <file>file:/C:/OneDrive%20-%20Educantabria/DAM-1/ED/EVALUACION-2/TEMA-2/Tarea-2/PruebadeCobertura/test/example/MiClaseTest.java</file>
            <file>file:/C:/OneDrive%20-%20Educantabria/DAM-1/ED/EVALUACION-2/TEMA-2/Tarea-2/PruebadeCobertura/src/example/MiClase.java</file>
        </group>
    </open-files>
</project-private>
