-- MySQL dump 10.13  Distrib 8.0.33, for Win64 (x86_64)
--
-- Host: localhost    Database: ejercicio51
-- ------------------------------------------------------
-- Server version	8.0.33

/*!40101 SET @OLD_CHARACTER_SET_CLIENT=@@CHARACTER_SET_CLIENT */;
/*!40101 SET @OLD_CHARACTER_SET_RESULTS=@@CHARACTER_SET_RESULTS */;
/*!40101 SET @OLD_COLLATION_CONNECTION=@@COLLATION_CONNECTION */;
/*!50503 SET NAMES utf8mb4 */;
/*!40103 SET @OLD_TIME_ZONE=@@TIME_ZONE */;
/*!40103 SET TIME_ZONE='+00:00' */;
/*!40014 SET @OLD_UNIQUE_CHECKS=@@UNIQUE_CHECKS, UNIQUE_CHECKS=0 */;
/*!40014 SET @OLD_FOREIGN_KEY_CHECKS=@@FOREIGN_KEY_CHECKS, FOREIGN_KEY_CHECKS=0 */;
/*!40101 SET @OLD_SQL_MODE=@@SQL_MODE, SQL_MODE='NO_AUTO_VALUE_ON_ZERO' */;
/*!40111 SET @OLD_SQL_NOTES=@@SQL_NOTES, SQL_NOTES=0 */;

--
-- Table structure for table `address`
--

DROP TABLE IF EXISTS `address`;
/*!40101 SET @saved_cs_client     = @@character_set_client */;
/*!50503 SET character_set_client = utf8mb4 */;
CREATE TABLE `address` (
  `ID` int NOT NULL,
  `FIRSTNAME` varchar(100) DEFAULT NULL,
  `LASTNAME` varchar(100) DEFAULT NULL,
  `STREET` varchar(200) DEFAULT NULL,
  `CITY` varchar(100) DEFAULT NULL,
  PRIMARY KEY (`ID`)
) ENGINE=InnoDB DEFAULT CHARSET=utf8mb4 COLLATE=utf8mb4_0900_ai_ci;
/*!40101 SET character_set_client = @saved_cs_client */;

--
-- Dumping data for table `address`
--

LOCK TABLES `address` WRITE;
/*!40000 ALTER TABLE `address` DISABLE KEYS */;
INSERT INTO `address` VALUES (0,'Laura','Steel','429 Seventh Av.','Dallas'),(1,'Susanne','King','366 - 20th Ave.','Olten'),(2,'Anne','Miller','20 Upland Pl.','Lyon'),(3,'Michael','Clancy','542 Upland Pl.','San Francisco'),(4,'Sylvia','Ringer','365 College Av.','Dallas'),(5,'Laura','Miller','294 Seventh Av.','Paris'),(6,'Laura','White','506 Upland Pl.','Palo Alto'),(7,'James','Peterson','231 Upland Pl.','San Francisco'),(8,'Andrew','Miller','288 - 20th Ave.','Seattle'),(9,'James','Schneider','277 Seventh Av.','Berne'),(10,'Anne','Fuller','135 Upland Pl.','Dallas'),(11,'Julia','White','412 Upland Pl.','Chicago'),(12,'George','Ott','381 Upland Pl.','Palo Alto'),(13,'Laura','Ringer','38 College Av.','New York'),(14,'Bill','Karsen','53 College Av.','Oslo'),(15,'Bill','Clancy','319 Upland Pl.','Seattle'),(16,'John','Fuller','195 Seventh Av.','New York'),(17,'Laura','Ott','443 Seventh Av.','Lyon'),(18,'Sylvia','Fuller','158 - 20th Ave.','Paris'),(19,'Susanne','Heiniger','86 - 20th Ave.','Dallas'),(20,'Janet','Schneider','309 - 20th Ave.','Oslo'),(21,'Julia','Clancy','18 Seventh Av.','Seattle'),(22,'Bill','Ott','250 - 20th Ave.','Berne'),(23,'Julia','Heiniger','358 College Av.','Boston'),(24,'James','Sommer','333 Upland Pl.','Olten'),(25,'Sylvia','Steel','269 College Av.','Paris'),(26,'James','Clancy','195 Upland Pl.','Oslo'),(27,'Bob','Sommer','509 College Av.','Seattle'),(28,'Susanne','White','74 - 20th Ave.','Lyon'),(29,'Andrew','Smith','254 College Av.','New York'),(30,'Bill','Sommer','362 - 20th Ave.','Olten'),(31,'Bob','Ringer','371 College Av.','Olten'),(32,'Michael','Ott','339 College Av.','Boston'),(33,'Mary','King','491 College Av.','Oslo'),(34,'Julia','May','33 Upland Pl.','Seattle'),(35,'George','Karsen','412 College Av.','Chicago'),(36,'John','Steel','276 Upland Pl.','Dallas'),(37,'Michael','Clancy','19 Seventh Av.','Dallas'),(38,'Andrew','Heiniger','347 College Av.','Lyon'),(39,'Mary','Karsen','202 College Av.','Chicago'),(40,'Susanne','Miller','440 - 20th Ave.','Dallas'),(41,'Bill','King','546 College Av.','New York'),(42,'Robert','Ott','503 Seventh Av.','Oslo'),(43,'Susanne','Smith','2 Upland Pl.','Dallas'),(44,'Sylvia','Ott','361 College Av.','New York'),(45,'Janet','May','396 Seventh Av.','Oslo'),(46,'Andrew','May','172 Seventh Av.','New York'),(47,'Janet','Fuller','445 Upland Pl.','Dallas'),(48,'Robert','White','549 Seventh Av.','San Francisco'),(49,'George','Fuller','534 - 20th Ave.','Olten');
/*!40000 ALTER TABLE `address` ENABLE KEYS */;
UNLOCK TABLES;

--
-- Table structure for table `document`
--

DROP TABLE IF EXISTS `document`;
/*!40101 SET @saved_cs_client     = @@character_set_client */;
/*!50503 SET character_set_client = utf8mb4 */;
CREATE TABLE `document` (
  `ID` int NOT NULL,
  `ADDRESSID` int DEFAULT NULL,
  `TOTAL` decimal(10,0) DEFAULT NULL,
  PRIMARY KEY (`ID`)
) ENGINE=InnoDB DEFAULT CHARSET=utf8mb4 COLLATE=utf8mb4_0900_ai_ci;
/*!40101 SET character_set_client = @saved_cs_client */;

--
-- Dumping data for table `document`
--

LOCK TABLES `document` WRITE;
/*!40000 ALTER TABLE `document` DISABLE KEYS */;
INSERT INTO `document` VALUES (0,0,2608),(1,33,1611),(2,23,3789),(3,21,5975),(4,30,1953),(5,34,4183),(6,19,3340),(7,26,5329),(8,29,2675),(9,38,6982),(10,24,3275),(11,24,2532),(12,23,4578),(13,39,7002),(14,35,4940),(15,39,1028),(16,45,3657),(17,46,3776),(18,4,3773),(19,9,804),(20,19,3139),(21,8,3740),(22,40,2290),(23,36,5167),(24,15,4344),(25,31,2054),(26,27,4973),(27,24,584),(28,35,1664),(29,46,2516),(30,13,2117),(31,22,2716),(32,20,1099),(33,40,4300),(34,33,4291),(35,4,3103),(36,42,3200),(37,39,7331),(38,46,6374),(39,5,1312),(40,4,5288),(41,19,5476),(42,38,1436),(43,13,4828),(44,32,3388),(45,42,4731),(46,24,5827),(47,45,2321),(48,22,3495),(49,32,4944);
/*!40000 ALTER TABLE `document` ENABLE KEYS */;
UNLOCK TABLES;

--
-- Table structure for table `orders`
--

DROP TABLE IF EXISTS `orders`;
/*!40101 SET @saved_cs_client     = @@character_set_client */;
/*!50503 SET character_set_client = utf8mb4 */;
CREATE TABLE `orders` (
  `ORDERID` int DEFAULT NULL,
  `CUSTOMERID` varchar(200) DEFAULT NULL,
  `EMPLOYEEID` int DEFAULT NULL,
  `ORDERDATE` timestamp NULL DEFAULT NULL,
  `REQUIREDDATE` timestamp NULL DEFAULT NULL,
  `SHIPPEDDATE` timestamp NULL DEFAULT NULL,
  `SHIPVIA` int DEFAULT NULL,
  `FREIGHT` int DEFAULT NULL,
  `SHIPNAME` varchar(200) DEFAULT NULL,
  `SHIPADDRESS` varchar(200) DEFAULT NULL,
  `SHIPCITY` varchar(200) DEFAULT NULL,
  `SHIPREGION` varchar(200) DEFAULT NULL,
  `SHIPPOSTALCODE` varchar(200) DEFAULT NULL,
  `SHIPCOUNTRY` varchar(200) DEFAULT NULL
) ENGINE=InnoDB DEFAULT CHARSET=utf8mb4 COLLATE=utf8mb4_0900_ai_ci;
/*!40101 SET character_set_client = @saved_cs_client */;

--
-- Dumping data for table `orders`
--

LOCK TABLES `orders` WRITE;
/*!40000 ALTER TABLE `orders` DISABLE KEYS */;
INSERT INTO `orders` VALUES (10248,'VINET',5,'1996-07-03 22:00:00','1996-07-31 22:00:00','1996-07-15 22:00:00',3,32,'Vins et alcools Chevalier','59 rue de l\'Abbaye','Reims',NULL,'51100','France'),(10249,'TOMSP',6,'1996-07-04 22:00:00','1996-08-15 22:00:00','1996-07-09 22:00:00',1,12,'Toms Spezialitu00e4ten','Luisenstr. 48','Mu00fcnster',NULL,'44087','Germany'),(10250,'HANAR',4,'1996-07-07 22:00:00','1996-08-04 22:00:00','1996-07-11 22:00:00',2,66,'Hanari Carnes','Rua do Pau00e7o, 67','Rio de Janeiro','RJ','05454-876','Brazil'),(10251,'VICTE',3,'1996-07-07 22:00:00','1996-08-04 22:00:00','1996-07-14 22:00:00',1,41,'Victuailles en stock','2, rue du Commerce','Lyon',NULL,'69004','France'),(10252,'SUPRD',4,'1996-07-08 22:00:00','1996-08-05 22:00:00','1996-07-10 22:00:00',2,51,'Supru00eames du00e9lices','Boulevard Tirou, 255','Charleroi',NULL,'B-6000','Belgium'),(10253,'HANAR',3,'1996-07-09 22:00:00','1996-07-23 22:00:00','1996-07-15 22:00:00',2,58,'Hanari Carnes','Rua do Pau00e7o, 67','Rio de Janeiro','RJ','05454-876','Brazil'),(10254,'CHOPS',5,'1996-07-10 22:00:00','1996-08-07 22:00:00','1996-07-22 22:00:00',2,23,'Chop-suey Chinese','Hauptstr. 31','Bern',NULL,'3012','Switzerland'),(10255,'RICSU',9,'1996-07-11 22:00:00','1996-08-08 22:00:00','1996-07-14 22:00:00',3,148,'Richter Supermarkt','Starenweg 5','Genu00e8ve',NULL,'1204','Switzerland'),(10256,'WELLI',3,'1996-07-14 22:00:00','1996-08-11 22:00:00','1996-07-16 22:00:00',2,14,'Wellington Importadora','Rua do Mercado, 12','Resende','SP','08737-363','Brazil'),(10257,'HILAA',4,'1996-07-15 22:00:00','1996-08-12 22:00:00','1996-07-21 22:00:00',3,82,'HILARION-Abastos','Carrera 22 con Ave. Carlos Soublette #8-35','San Cristu00f3bal','Tu00e1chira','5022','Venezuela'),(10258,'ERNSH',1,'1996-07-16 22:00:00','1996-08-13 22:00:00','1996-07-22 22:00:00',1,141,'Ernst Handel','Kirchgasse 6','Graz',NULL,'8010','Austria'),(10259,'CENTC',4,'1996-07-17 22:00:00','1996-08-14 22:00:00','1996-07-24 22:00:00',3,3,'Centro comercial Moctezuma','Sierras de Granada 9993','Mu00e9xico D.F.',NULL,'05022','Mexico'),(10260,'OTTIK',4,'1996-07-18 22:00:00','1996-08-15 22:00:00','1996-07-28 22:00:00',1,55,'Ottilies Ku00e4seladen','Mehrheimerstr. 369','Ku00f6ln',NULL,'50739','Germany'),(10261,'QUEDE',4,'1996-07-18 22:00:00','1996-08-15 22:00:00','1996-07-29 22:00:00',2,3,'Que Delu00edcia','Rua da Panificadora, 12','Rio de Janeiro','RJ','02389-673','Brazil'),(10262,'RATTC',8,'1996-07-21 22:00:00','1996-08-18 22:00:00','1996-07-24 22:00:00',3,48,'Rattlesnake Canyon Grocery','2817 Milton Dr.','Albuquerque','NM','87110','USA'),(10263,'ERNSH',9,'1996-07-22 22:00:00','1996-08-19 22:00:00','1996-07-30 22:00:00',3,146,'Ernst Handel','Kirchgasse 6','Graz',NULL,'8010','Austria'),(10264,'FOLKO',6,'1996-07-23 22:00:00','1996-08-20 22:00:00','1996-08-22 22:00:00',3,4,'Folk och fu00e4 HB','u00c5kergatan 24','Bru00e4cke',NULL,'S-844 67','Sweden'),(10265,'BLONP',2,'1996-07-24 22:00:00','1996-08-21 22:00:00','1996-08-11 22:00:00',1,55,'Blondel pu00e8re et fils','24, place Klu00e9ber','Strasbourg',NULL,'67000','France'),(10266,'WARTH',3,'1996-07-25 22:00:00','1996-09-05 22:00:00','1996-07-30 22:00:00',3,26,'Wartian Herkku','Torikatu 38','Oulu',NULL,'90110','Finland'),(10267,'FRANK',4,'1996-07-28 22:00:00','1996-08-25 22:00:00','1996-08-05 22:00:00',1,209,'Frankenversand','Berliner Platz 43','Mu00fcnchen',NULL,'80805','Germany'),(10268,'GROSR',8,'1996-07-29 22:00:00','1996-08-26 22:00:00','1996-08-01 22:00:00',3,66,'GROSELLA-Restaurante','5u00aa Ave. Los Palos Grandes','Caracas','DF','1081','Venezuela'),(10269,'WHITC',5,'1996-07-30 22:00:00','1996-08-13 22:00:00','1996-08-08 22:00:00',1,5,'White Clover Markets','1029 - 12th Ave. S.','Seattle','WA','98124','USA'),(10270,'WARTH',1,'1996-07-31 22:00:00','1996-08-28 22:00:00','1996-08-01 22:00:00',1,137,'Wartian Herkku','Torikatu 38','Oulu',NULL,'90110','Finland'),(10271,'SPLIR',6,'1996-07-31 22:00:00','1996-08-28 22:00:00','1996-08-29 22:00:00',2,5,'Split Rail Beer & Ale','P.O. Box 555','Lander','WY','82520','USA'),(10272,'RATTC',6,'1996-08-01 22:00:00','1996-08-29 22:00:00','1996-08-05 22:00:00',2,98,'Rattlesnake Canyon Grocery','2817 Milton Dr.','Albuquerque','NM','87110','USA'),(10273,'QUICK',3,'1996-08-04 22:00:00','1996-09-01 22:00:00','1996-08-11 22:00:00',3,76,'QUICK-Stop','Taucherstrau00dfe 10','Cunewalde',NULL,'01307','Germany'),(10274,'VINET',6,'1996-08-05 22:00:00','1996-09-02 22:00:00','1996-08-15 22:00:00',1,6,'Vins et alcools Chevalier','59 rue de l\'Abbaye','Reims',NULL,'51100','France'),(10275,'MAGAA',1,'1996-08-06 22:00:00','1996-09-03 22:00:00','1996-08-08 22:00:00',1,27,'Magazzini Alimentari Riuniti','Via Ludovico il Moro 22','Bergamo',NULL,'24100','Italy'),(10276,'TORTU',8,'1996-08-07 22:00:00','1996-08-21 22:00:00','1996-08-13 22:00:00',3,14,'Tortuga Restaurante','Avda. Azteca 123','Mu00e9xico D.F.',NULL,'05033','Mexico'),(10277,'MORGK',2,'1996-08-08 22:00:00','1996-09-05 22:00:00','1996-08-12 22:00:00',3,126,'Morgenstern Gesundkost','Heerstr. 22','Leipzig',NULL,'04179','Germany'),(10278,'BERGS',8,'1996-08-11 22:00:00','1996-09-08 22:00:00','1996-08-15 22:00:00',2,93,'Berglunds snabbku00f6p','Berguvsvu00e4gen  8','Luleu00e5',NULL,'S-958 22','Sweden'),(10279,'LEHMS',8,'1996-08-12 22:00:00','1996-09-09 22:00:00','1996-08-15 22:00:00',2,26,'Lehmanns Marktstand','Magazinweg 7','Frankfurt a.M.',NULL,'60528','Germany'),(10280,'BERGS',2,'1996-08-13 22:00:00','1996-09-10 22:00:00','1996-09-11 22:00:00',1,9,'Berglunds snabbku00f6p','Berguvsvu00e4gen  8','Luleu00e5',NULL,'S-958 22','Sweden'),(10281,'ROMEY',4,'1996-08-13 22:00:00','1996-08-27 22:00:00','1996-08-20 22:00:00',1,3,'Romero y tomillo','Gran Vu00eda, 1','Madrid',NULL,'28001','Spain'),(10282,'ROMEY',4,'1996-08-14 22:00:00','1996-09-11 22:00:00','1996-08-20 22:00:00',1,13,'Romero y tomillo','Gran Vu00eda, 1','Madrid',NULL,'28001','Spain'),(10283,'LILAS',3,'1996-08-15 22:00:00','1996-09-12 22:00:00','1996-08-22 22:00:00',3,85,'LILA-Supermercado','Carrera 52 con Ave. Bolu00edvar #65-98 Llano Largo','Barquisimeto','Lara','3508','Venezuela'),(10284,'LEHMS',4,'1996-08-18 22:00:00','1996-09-15 22:00:00','1996-08-26 22:00:00',1,77,'Lehmanns Marktstand','Magazinweg 7','Frankfurt a.M.',NULL,'60528','Germany'),(10285,'QUICK',1,'1996-08-19 22:00:00','1996-09-16 22:00:00','1996-08-25 22:00:00',2,77,'QUICK-Stop','Taucherstrau00dfe 10','Cunewalde',NULL,'01307','Germany'),(10286,'QUICK',8,'1996-08-20 22:00:00','1996-09-17 22:00:00','1996-08-29 22:00:00',3,229,'QUICK-Stop','Taucherstrau00dfe 10','Cunewalde',NULL,'01307','Germany'),(10287,'RICAR',8,'1996-08-21 22:00:00','1996-09-18 22:00:00','1996-08-27 22:00:00',3,13,'Ricardo Adocicados','Av. Copacabana, 267','Rio de Janeiro','RJ','02389-890','Brazil'),(10288,'REGGC',4,'1996-08-22 22:00:00','1996-09-19 22:00:00','1996-09-02 22:00:00',1,7,'Reggiani Caseifici','Strada Provinciale 124','Reggio Emilia',NULL,'42100','Italy'),(10289,'BSBEV',7,'1996-08-25 22:00:00','1996-09-22 22:00:00','1996-08-27 22:00:00',3,23,'B\'s Beverages','Fauntleroy Circus','London',NULL,'EC2 5NT','UK'),(10290,'COMMI',8,'1996-08-26 22:00:00','1996-09-23 22:00:00','1996-09-02 22:00:00',1,80,'Comu00e9rcio Mineiro','Av. dos Lusu00edadas, 23','Sao Paulo','SP','05432-043','Brazil'),(10291,'QUEDE',6,'1996-08-26 22:00:00','1996-09-23 22:00:00','1996-09-03 22:00:00',2,6,'Que Delu00edcia','Rua da Panificadora, 12','Rio de Janeiro','RJ','02389-673','Brazil'),(10292,'TRADH',1,'1996-08-27 22:00:00','1996-09-24 22:00:00','1996-09-01 22:00:00',2,1,'Tradiu00e7ao Hipermercados','Av. Inu00eas de Castro, 414','Sao Paulo','SP','05634-030','Brazil'),(10293,'TORTU',1,'1996-08-28 22:00:00','1996-09-25 22:00:00','1996-09-10 22:00:00',3,21,'Tortuga Restaurante','Avda. Azteca 123','Mu00e9xico D.F.',NULL,'05033','Mexico'),(10294,'RATTC',4,'1996-08-29 22:00:00','1996-09-26 22:00:00','1996-09-04 22:00:00',2,147,'Rattlesnake Canyon Grocery','2817 Milton Dr.','Albuquerque','NM','87110','USA'),(10295,'VINET',2,'1996-09-01 22:00:00','1996-09-29 22:00:00','1996-09-09 22:00:00',2,1,'Vins et alcools Chevalier','59 rue de l\'Abbaye','Reims',NULL,'51100','France'),(10296,'LILAS',6,'1996-09-02 22:00:00','1996-09-30 22:00:00','1996-09-10 22:00:00',1,0,'LILA-Supermercado','Carrera 52 con Ave. Bolu00edvar #65-98 Llano Largo','Barquisimeto','Lara','3508','Venezuela'),(10297,'BLONP',5,'1996-09-03 22:00:00','1996-10-15 22:00:00','1996-09-09 22:00:00',2,6,'Blondel pu00e8re et fils','24, place Klu00e9ber','Strasbourg',NULL,'67000','France'),(10298,'HUNGO',6,'1996-09-04 22:00:00','1996-10-02 22:00:00','1996-09-10 22:00:00',2,168,'Hungry Owl All-Night Grocers','8 Johnstown Road','Cork','Co. Cork',NULL,'Ireland'),(10299,'RICAR',4,'1996-09-05 22:00:00','1996-10-03 22:00:00','1996-09-12 22:00:00',2,30,'Ricardo Adocicados','Av. Copacabana, 267','Rio de Janeiro','RJ','02389-890','Brazil'),(10300,'MAGAA',2,'1996-09-08 22:00:00','1996-10-06 22:00:00','1996-09-17 22:00:00',2,18,'Magazzini Alimentari Riuniti','Via Ludovico il Moro 22','Bergamo',NULL,'24100','Italy'),(10301,'WANDK',8,'1996-09-08 22:00:00','1996-10-06 22:00:00','1996-09-16 22:00:00',2,45,'Die Wandernde Kuh','Adenauerallee 900','Stuttgart',NULL,'70563','Germany'),(10302,'SUPRD',4,'1996-09-09 22:00:00','1996-10-07 22:00:00','1996-10-08 22:00:00',2,6,'Supru00eames du00e9lices','Boulevard Tirou, 255','Charleroi',NULL,'B-6000','Belgium'),(10303,'GODOS',7,'1996-09-10 22:00:00','1996-10-08 22:00:00','1996-09-17 22:00:00',2,108,'Godos Cocina Tu00edpica','C/ Romero, 33','Sevilla',NULL,'41101','Spain'),(10304,'TORTU',1,'1996-09-11 22:00:00','1996-10-09 22:00:00','1996-09-16 22:00:00',2,64,'Tortuga Restaurante','Avda. Azteca 123','Mu00e9xico D.F.',NULL,'05033','Mexico'),(10305,'OLDWO',8,'1996-09-12 22:00:00','1996-10-10 22:00:00','1996-10-08 22:00:00',3,258,'Old World Delicatessen','2743 Bering St.','Anchorage','AK','99508','USA'),(10306,'ROMEY',1,'1996-09-15 22:00:00','1996-10-13 22:00:00','1996-09-22 22:00:00',3,8,'Romero y tomillo','Gran Vu00eda, 1','Madrid',NULL,'28001','Spain'),(10307,'LONEP',2,'1996-09-16 22:00:00','1996-10-14 22:00:00','1996-09-24 22:00:00',2,1,'Lonesome Pine Restaurant','89 Chiaroscuro Rd.','Portland','OR','97219','USA'),(10308,'ANATR',7,'1996-09-17 22:00:00','1996-10-15 22:00:00','1996-09-23 22:00:00',3,2,'Ana Trujillo Emparedados y helados','Avda. de la Constituciu00f3n 2222','Mu00e9xico D.F.',NULL,'05021','Mexico'),(10309,'HUNGO',3,'1996-09-18 22:00:00','1996-10-16 22:00:00','1996-10-22 22:00:00',1,47,'Hungry Owl All-Night Grocers','8 Johnstown Road','Cork','Co. Cork',NULL,'Ireland'),(10310,'THEBI',8,'1996-09-19 22:00:00','1996-10-17 22:00:00','1996-09-26 22:00:00',2,18,'The Big Cheese','89 Jefferson Way Suite 2','Portland','OR','97201','USA'),(10311,'DUMON',1,'1996-09-19 22:00:00','1996-10-03 22:00:00','1996-09-25 22:00:00',3,25,'Du monde entier','67, rue des Cinquante Otages','Nantes',NULL,'44000','France'),(10312,'WANDK',2,'1996-09-22 22:00:00','1996-10-20 22:00:00','1996-10-02 22:00:00',2,40,'Die Wandernde Kuh','Adenauerallee 900','Stuttgart',NULL,'70563','Germany'),(10313,'QUICK',2,'1996-09-23 22:00:00','1996-10-21 22:00:00','1996-10-03 22:00:00',2,2,'QUICK-Stop','Taucherstrau00dfe 10','Cunewalde',NULL,'01307','Germany'),(10314,'RATTC',1,'1996-09-24 22:00:00','1996-10-22 22:00:00','1996-10-03 22:00:00',2,74,'Rattlesnake Canyon Grocery','2817 Milton Dr.','Albuquerque','NM','87110','USA'),(10315,'ISLAT',4,'1996-09-25 22:00:00','1996-10-23 22:00:00','1996-10-02 22:00:00',2,42,'Island Trading','Garden House Crowther Way','Cowes','Isle of Wight','PO31 7PJ','UK'),(10316,'RATTC',1,'1996-09-26 22:00:00','1996-10-24 22:00:00','1996-10-07 22:00:00',3,150,'Rattlesnake Canyon Grocery','2817 Milton Dr.','Albuquerque','NM','87110','USA'),(10317,'LONEP',6,'1996-09-29 22:00:00','1996-10-27 23:00:00','1996-10-09 22:00:00',1,13,'Lonesome Pine Restaurant','89 Chiaroscuro Rd.','Portland','OR','97219','USA'),(10318,'ISLAT',8,'1996-09-30 22:00:00','1996-10-28 23:00:00','1996-10-03 22:00:00',2,5,'Island Trading','Garden House Crowther Way','Cowes','Isle of Wight','PO31 7PJ','UK'),(10319,'TORTU',7,'1996-10-01 22:00:00','1996-10-29 23:00:00','1996-10-10 22:00:00',3,65,'Tortuga Restaurante','Avda. Azteca 123','Mu00e9xico D.F.',NULL,'05033','Mexico'),(10320,'WARTH',5,'1996-10-02 22:00:00','1996-10-16 22:00:00','1996-10-17 22:00:00',3,35,'Wartian Herkku','Torikatu 38','Oulu',NULL,'90110','Finland'),(10321,'ISLAT',3,'1996-10-02 22:00:00','1996-10-30 23:00:00','1996-10-10 22:00:00',2,3,'Island Trading','Garden House Crowther Way','Cowes','Isle of Wight','PO31 7PJ','UK'),(10322,'PERIC',7,'1996-10-03 22:00:00','1996-10-31 23:00:00','1996-10-22 22:00:00',3,0,'Pericles Comidas clu00e1sicas','Calle Dr. Jorge Cash 321','Mu00e9xico D.F.',NULL,'05033','Mexico'),(10323,'KOENE',4,'1996-10-06 22:00:00','1996-11-03 23:00:00','1996-10-13 22:00:00',1,5,'Ku00f6niglich Essen','Maubelstr. 90','Brandenburg',NULL,'14776','Germany'),(10324,'SAVEA',9,'1996-10-07 22:00:00','1996-11-04 23:00:00','1996-10-09 22:00:00',1,214,'Save-a-lot Markets','187 Suffolk Ln.','Boise','ID','83720','USA'),(10325,'KOENE',1,'1996-10-08 22:00:00','1996-10-22 22:00:00','1996-10-13 22:00:00',3,65,'Ku00f6niglich Essen','Maubelstr. 90','Brandenburg',NULL,'14776','Germany'),(10326,'BOLID',4,'1996-10-09 22:00:00','1996-11-06 23:00:00','1996-10-13 22:00:00',2,78,'Bu00f3lido Comidas preparadas','C/ Araquil, 67','Madrid',NULL,'28023','Spain'),(10327,'FOLKO',2,'1996-10-10 22:00:00','1996-11-07 23:00:00','1996-10-13 22:00:00',1,63,'Folk och fu00e4 HB','u00c5kergatan 24','Bru00e4cke',NULL,'S-844 67','Sweden'),(10328,'FURIB',4,'1996-10-13 22:00:00','1996-11-10 23:00:00','1996-10-16 22:00:00',3,87,'Furia Bacalhau e Frutos do Mar','Jardim das rosas n. 32','Lisboa',NULL,'1675','Portugal'),(10329,'SPLIR',4,'1996-10-14 22:00:00','1996-11-25 23:00:00','1996-10-22 22:00:00',2,192,'Split Rail Beer & Ale','P.O. Box 555','Lander','WY','82520','USA'),(10330,'LILAS',3,'1996-10-15 22:00:00','1996-11-12 23:00:00','1996-10-27 23:00:00',1,13,'LILA-Supermercado','Carrera 52 con Ave. Bolu00edvar #65-98 Llano Largo','Barquisimeto','Lara','3508','Venezuela'),(10331,'BONAP',9,'1996-10-15 22:00:00','1996-11-26 23:00:00','1996-10-20 22:00:00',1,10,'Bon app\'','12, rue des Bouchers','Marseille',NULL,'13008','France'),(10332,'MEREP',3,'1996-10-16 22:00:00','1996-11-27 23:00:00','1996-10-20 22:00:00',2,53,'Mu00e8re Paillarde','43 rue St. Laurent','Montru00e9al','Quu00e9bec','H1J 1C3','Canada'),(10333,'WARTH',5,'1996-10-17 22:00:00','1996-11-14 23:00:00','1996-10-24 22:00:00',3,1,'Wartian Herkku','Torikatu 38','Oulu',NULL,'90110','Finland'),(10334,'VICTE',8,'1996-10-20 22:00:00','1996-11-17 23:00:00','1996-10-27 23:00:00',2,9,'Victuailles en stock','2, rue du Commerce','Lyon',NULL,'69004','France'),(10335,'HUNGO',7,'1996-10-21 22:00:00','1996-11-18 23:00:00','1996-10-23 22:00:00',2,42,'Hungry Owl All-Night Grocers','8 Johnstown Road','Cork','Co. Cork',NULL,'Ireland'),(10336,'PRINI',7,'1996-10-22 22:00:00','1996-11-19 23:00:00','1996-10-24 22:00:00',2,16,'Princesa Isabel Vinhos','Estrada da sau00fade n. 58','Lisboa',NULL,'1756','Portugal'),(10337,'FRANK',4,'1996-10-23 22:00:00','1996-11-20 23:00:00','1996-10-28 23:00:00',3,108,'Frankenversand','Berliner Platz 43','Mu00fcnchen',NULL,'80805','Germany'),(10338,'OLDWO',4,'1996-10-24 22:00:00','1996-11-21 23:00:00','1996-10-28 23:00:00',3,84,'Old World Delicatessen','2743 Bering St.','Anchorage','AK','99508','USA'),(10339,'MEREP',2,'1996-10-27 23:00:00','1996-11-24 23:00:00','1996-11-03 23:00:00',2,16,'Mu00e8re Paillarde','43 rue St. Laurent','Montru00e9al','Quu00e9bec','H1J 1C3','Canada'),(10340,'BONAP',1,'1996-10-28 23:00:00','1996-11-25 23:00:00','1996-11-07 23:00:00',3,166,'Bon app\'','12, rue des Bouchers','Marseille',NULL,'13008','France'),(10341,'SIMOB',7,'1996-10-28 23:00:00','1996-11-25 23:00:00','1996-11-04 23:00:00',3,27,'Simons bistro','Vinbu00e6ltet 34','Kobenhavn',NULL,'1734','Denmark'),(10342,'FRANK',4,'1996-10-29 23:00:00','1996-11-12 23:00:00','1996-11-03 23:00:00',2,55,'Frankenversand','Berliner Platz 43','Mu00fcnchen',NULL,'80805','Germany'),(10343,'LEHMS',4,'1996-10-30 23:00:00','1996-11-27 23:00:00','1996-11-05 23:00:00',1,110,'Lehmanns Marktstand','Magazinweg 7','Frankfurt a.M.',NULL,'60528','Germany'),(10344,'WHITC',4,'1996-10-31 23:00:00','1996-11-28 23:00:00','1996-11-04 23:00:00',2,23,'White Clover Markets','1029 - 12th Ave. S.','Seattle','WA','98124','USA'),(10345,'QUICK',2,'1996-11-03 23:00:00','1996-12-01 23:00:00','1996-11-10 23:00:00',2,249,'QUICK-Stop','Taucherstrau00dfe 10','Cunewalde',NULL,'01307','Germany'),(10346,'RATTC',3,'1996-11-04 23:00:00','1996-12-16 23:00:00','1996-11-07 23:00:00',3,142,'Rattlesnake Canyon Grocery','2817 Milton Dr.','Albuquerque','NM','87110','USA'),(10347,'FAMIA',4,'1996-11-05 23:00:00','1996-12-03 23:00:00','1996-11-07 23:00:00',3,3,'Familia Arquibaldo','Rua Oru00f3s, 92','Sao Paulo','SP','05442-030','Brazil'),(10348,'WANDK',4,'1996-11-06 23:00:00','1996-12-04 23:00:00','1996-11-14 23:00:00',2,1,'Die Wandernde Kuh','Adenauerallee 900','Stuttgart',NULL,'70563','Germany'),(10349,'SPLIR',7,'1996-11-07 23:00:00','1996-12-05 23:00:00','1996-11-14 23:00:00',1,9,'Split Rail Beer & Ale','P.O. Box 555','Lander','WY','82520','USA'),(10350,'LAMAI',6,'1996-11-10 23:00:00','1996-12-08 23:00:00','1996-12-02 23:00:00',2,64,'La maison d\'Asie','1 rue Alsace-Lorraine','Toulouse',NULL,'31000','France'),(10351,'ERNSH',1,'1996-11-10 23:00:00','1996-12-08 23:00:00','1996-11-19 23:00:00',1,162,'Ernst Handel','Kirchgasse 6','Graz',NULL,'8010','Austria'),(10352,'FURIB',3,'1996-11-11 23:00:00','1996-11-25 23:00:00','1996-11-17 23:00:00',3,1,'Furia Bacalhau e Frutos do Mar','Jardim das rosas n. 32','Lisboa',NULL,'1675','Portugal'),(10353,'PICCO',7,'1996-11-12 23:00:00','1996-12-10 23:00:00','1996-11-24 23:00:00',3,361,'Piccolo und mehr','Geislweg 14','Salzburg',NULL,'5020','Austria'),(10354,'PERIC',8,'1996-11-13 23:00:00','1996-12-11 23:00:00','1996-11-19 23:00:00',3,54,'Pericles Comidas clu00e1sicas','Calle Dr. Jorge Cash 321','Mu00e9xico D.F.',NULL,'05033','Mexico'),(10355,'AROUT',6,'1996-11-14 23:00:00','1996-12-12 23:00:00','1996-11-19 23:00:00',1,42,'Around the Horn','Brook Farm Stratford St. Mary','Colchester','Essex','CO7 6JX','UK'),(10356,'WANDK',6,'1996-11-17 23:00:00','1996-12-15 23:00:00','1996-11-26 23:00:00',2,37,'Die Wandernde Kuh','Adenauerallee 900','Stuttgart',NULL,'70563','Germany'),(10357,'LILAS',1,'1996-11-18 23:00:00','1996-12-16 23:00:00','1996-12-01 23:00:00',3,35,'LILA-Supermercado','Carrera 52 con Ave. Bolu00edvar #65-98 Llano Largo','Barquisimeto','Lara','3508','Venezuela'),(10358,'LAMAI',5,'1996-11-19 23:00:00','1996-12-17 23:00:00','1996-11-26 23:00:00',1,20,'La maison d\'Asie','1 rue Alsace-Lorraine','Toulouse',NULL,'31000','France'),(10359,'SEVES',5,'1996-11-20 23:00:00','1996-12-18 23:00:00','1996-11-25 23:00:00',3,288,'Seven Seas Imports','90 Wadhurst Rd.','London',NULL,'OX15 4NB','UK'),(10360,'BLONP',4,'1996-11-21 23:00:00','1996-12-19 23:00:00','1996-12-01 23:00:00',3,132,'Blondel pu00e8re et fils','24, place Klu00e9ber','Strasbourg',NULL,'67000','France'),(10361,'QUICK',1,'1996-11-21 23:00:00','1996-12-19 23:00:00','1996-12-02 23:00:00',2,183,'QUICK-Stop','Taucherstrau00dfe 10','Cunewalde',NULL,'01307','Germany'),(10362,'BONAP',3,'1996-11-24 23:00:00','1996-12-22 23:00:00','1996-11-27 23:00:00',1,96,'Bon app\'','12, rue des Bouchers','Marseille',NULL,'13008','France'),(10363,'DRACD',4,'1996-11-25 23:00:00','1996-12-23 23:00:00','1996-12-03 23:00:00',3,31,'Drachenblut Delikatessen','Walserweg 21','Aachen',NULL,'52066','Germany'),(10364,'EASTC',1,'1996-11-25 23:00:00','1997-01-06 23:00:00','1996-12-03 23:00:00',1,72,'Eastern Connection','35 King George','London',NULL,'WX3 6FW','UK'),(10365,'ANTON',3,'1996-11-26 23:00:00','1996-12-24 23:00:00','1996-12-01 23:00:00',2,22,'Antonio Moreno Taqueru00eda','Mataderos  2312','Mu00e9xico D.F.',NULL,'05023','Mexico'),(10366,'GALED',8,'1996-11-27 23:00:00','1997-01-08 23:00:00','1996-12-29 23:00:00',2,10,'Galeru00eda del gastronu00f3mo','Rambla de Cataluu00f1a, 23','Barcelona',NULL,'8022','Spain'),(10367,'VAFFE',7,'1996-11-27 23:00:00','1996-12-25 23:00:00','1996-12-01 23:00:00',3,14,'Vaffeljernet','Smagsloget 45','u00c5rhus',NULL,'8200','Denmark'),(10368,'ERNSH',2,'1996-11-28 23:00:00','1996-12-26 23:00:00','1996-12-01 23:00:00',2,102,'Ernst Handel','Kirchgasse 6','Graz',NULL,'8010','Austria'),(10369,'SPLIR',8,'1996-12-01 23:00:00','1996-12-29 23:00:00','1996-12-08 23:00:00',2,196,'Split Rail Beer & Ale','P.O. Box 555','Lander','WY','82520','USA'),(10370,'CHOPS',6,'1996-12-02 23:00:00','1996-12-30 23:00:00','1996-12-26 23:00:00',2,1,'Chop-suey Chinese','Hauptstr. 31','Bern',NULL,'3012','Switzerland'),(10371,'LAMAI',1,'1996-12-02 23:00:00','1996-12-30 23:00:00','1996-12-23 23:00:00',1,0,'La maison d\'Asie','1 rue Alsace-Lorraine','Toulouse',NULL,'31000','France'),(10372,'QUEEN',5,'1996-12-03 23:00:00','1996-12-31 23:00:00','1996-12-08 23:00:00',2,891,'Queen Cozinha','Alameda dos Canu00e0rios, 891','Sao Paulo','SP','05487-020','Brazil'),(10373,'HUNGO',4,'1996-12-04 23:00:00','1997-01-01 23:00:00','1996-12-10 23:00:00',3,124,'Hungry Owl All-Night Grocers','8 Johnstown Road','Cork','Co. Cork',NULL,'Ireland'),(10374,'WOLZA',1,'1996-12-04 23:00:00','1997-01-01 23:00:00','1996-12-08 23:00:00',3,4,'Wolski Zajazd','ul. Filtrowa 68','Warszawa',NULL,'01-012','Poland'),(10375,'HUNGC',3,'1996-12-05 23:00:00','1997-01-02 23:00:00','1996-12-08 23:00:00',2,20,'Hungry Coyote Import Store','City Center Plaza 516 Main St.','Elgin','OR','97827','USA'),(10376,'MEREP',1,'1996-12-08 23:00:00','1997-01-05 23:00:00','1996-12-12 23:00:00',2,20,'Mu00e8re Paillarde','43 rue St. Laurent','Montru00e9al','Quu00e9bec','H1J 1C3','Canada'),(10377,'SEVES',1,'1996-12-08 23:00:00','1997-01-05 23:00:00','1996-12-12 23:00:00',3,22,'Seven Seas Imports','90 Wadhurst Rd.','London',NULL,'OX15 4NB','UK'),(10378,'FOLKO',5,'1996-12-09 23:00:00','1997-01-06 23:00:00','1996-12-18 23:00:00',3,5,'Folk och fu00e4 HB','u00c5kergatan 24','Bru00e4cke',NULL,'S-844 67','Sweden'),(10379,'QUEDE',2,'1996-12-10 23:00:00','1997-01-07 23:00:00','1996-12-12 23:00:00',1,45,'Que Delu00edcia','Rua da Panificadora, 12','Rio de Janeiro','RJ','02389-673','Brazil'),(10380,'HUNGO',8,'1996-12-11 23:00:00','1997-01-08 23:00:00','1997-01-15 23:00:00',3,35,'Hungry Owl All-Night Grocers','8 Johnstown Road','Cork','Co. Cork',NULL,'Ireland'),(10381,'LILAS',3,'1996-12-11 23:00:00','1997-01-08 23:00:00','1996-12-12 23:00:00',3,8,'LILA-Supermercado','Carrera 52 con Ave. Bolu00edvar #65-98 Llano Largo','Barquisimeto','Lara','3508','Venezuela'),(10382,'ERNSH',4,'1996-12-12 23:00:00','1997-01-09 23:00:00','1996-12-15 23:00:00',1,95,'Ernst Handel','Kirchgasse 6','Graz',NULL,'8010','Austria'),(10383,'AROUT',8,'1996-12-15 23:00:00','1997-01-12 23:00:00','1996-12-17 23:00:00',3,34,'Around the Horn','Brook Farm Stratford St. Mary','Colchester','Essex','CO7 6JX','UK'),(10384,'BERGS',3,'1996-12-15 23:00:00','1997-01-12 23:00:00','1996-12-19 23:00:00',3,169,'Berglunds snabbku00f6p','Berguvsvu00e4gen  8','Luleu00e5',NULL,'S-958 22','Sweden'),(10385,'SPLIR',1,'1996-12-16 23:00:00','1997-01-13 23:00:00','1996-12-22 23:00:00',2,31,'Split Rail Beer & Ale','P.O. Box 555','Lander','WY','82520','USA'),(10386,'FAMIA',9,'1996-12-17 23:00:00','1996-12-31 23:00:00','1996-12-24 23:00:00',3,14,'Familia Arquibaldo','Rua Oru00f3s, 92','Sao Paulo','SP','05442-030','Brazil'),(10387,'SANTG',1,'1996-12-17 23:00:00','1997-01-14 23:00:00','1996-12-19 23:00:00',2,94,'Santu00e9 Gourmet','Erling Skakkes gate 78','Stavern',NULL,'4110','Norway'),(10388,'SEVES',2,'1996-12-18 23:00:00','1997-01-15 23:00:00','1996-12-19 23:00:00',1,35,'Seven Seas Imports','90 Wadhurst Rd.','London',NULL,'OX15 4NB','UK'),(10389,'BOTTM',4,'1996-12-19 23:00:00','1997-01-16 23:00:00','1996-12-23 23:00:00',2,47,'Bottom-Dollar Markets','23 Tsawassen Blvd.','Tsawassen','BC','T2F 8M4','Canada'),(10390,'ERNSH',6,'1996-12-22 23:00:00','1997-01-19 23:00:00','1996-12-25 23:00:00',1,126,'Ernst Handel','Kirchgasse 6','Graz',NULL,'8010','Austria'),(10391,'DRACD',3,'1996-12-22 23:00:00','1997-01-19 23:00:00','1996-12-30 23:00:00',3,5,'Drachenblut Delikatessen','Walserweg 21','Aachen',NULL,'52066','Germany'),(10392,'PICCO',2,'1996-12-23 23:00:00','1997-01-20 23:00:00','1996-12-31 23:00:00',3,122,'Piccolo und mehr','Geislweg 14','Salzburg',NULL,'5020','Austria'),(10393,'SAVEA',1,'1996-12-24 23:00:00','1997-01-21 23:00:00','1997-01-02 23:00:00',3,127,'Save-a-lot Markets','187 Suffolk Ln.','Boise','ID','83720','USA'),(10394,'HUNGC',1,'1996-12-24 23:00:00','1997-01-21 23:00:00','1997-01-02 23:00:00',3,30,'Hungry Coyote Import Store','City Center Plaza 516 Main St.','Elgin','OR','97827','USA'),(10395,'HILAA',6,'1996-12-25 23:00:00','1997-01-22 23:00:00','1997-01-02 23:00:00',1,184,'HILARION-Abastos','Carrera 22 con Ave. Carlos Soublette #8-35','San Cristu00f3bal','Tu00e1chira','5022','Venezuela'),(10396,'FRANK',1,'1996-12-26 23:00:00','1997-01-09 23:00:00','1997-01-05 23:00:00',3,135,'Frankenversand','Berliner Platz 43','Mu00fcnchen',NULL,'80805','Germany'),(10397,'PRINI',5,'1996-12-26 23:00:00','1997-01-23 23:00:00','1997-01-01 23:00:00',1,60,'Princesa Isabel Vinhos','Estrada da sau00fade n. 58','Lisboa',NULL,'1756','Portugal'),(10398,'SAVEA',2,'1996-12-29 23:00:00','1997-01-26 23:00:00','1997-01-08 23:00:00',3,89,'Save-a-lot Markets','187 Suffolk Ln.','Boise','ID','83720','USA'),(10399,'VAFFE',8,'1996-12-30 23:00:00','1997-01-13 23:00:00','1997-01-07 23:00:00',3,27,'Vaffeljernet','Smagsloget 45','u00c5rhus',NULL,'8200','Denmark'),(10400,'EASTC',1,'1996-12-31 23:00:00','1997-01-28 23:00:00','1997-01-15 23:00:00',3,84,'Eastern Connection','35 King George','London',NULL,'WX3 6FW','UK'),(10401,'RATTC',1,'1996-12-31 23:00:00','1997-01-28 23:00:00','1997-01-09 23:00:00',1,13,'Rattlesnake Canyon Grocery','2817 Milton Dr.','Albuquerque','NM','87110','USA'),(10402,'ERNSH',8,'1997-01-01 23:00:00','1997-02-12 23:00:00','1997-01-09 23:00:00',2,68,'Ernst Handel','Kirchgasse 6','Graz',NULL,'8010','Austria'),(10403,'ERNSH',4,'1997-01-02 23:00:00','1997-01-30 23:00:00','1997-01-08 23:00:00',3,74,'Ernst Handel','Kirchgasse 6','Graz',NULL,'8010','Austria'),(10404,'MAGAA',2,'1997-01-02 23:00:00','1997-01-30 23:00:00','1997-01-07 23:00:00',1,156,'Magazzini Alimentari Riuniti','Via Ludovico il Moro 22','Bergamo',NULL,'24100','Italy'),(10405,'LINOD',1,'1997-01-05 23:00:00','1997-02-02 23:00:00','1997-01-21 23:00:00',1,35,'LINO-Delicateses','Ave. 5 de Mayo Porlamar','I. de Margarita','Nueva Esparta','4980','Venezuela'),(10406,'QUEEN',7,'1997-01-06 23:00:00','1997-02-17 23:00:00','1997-01-12 23:00:00',1,108,'Queen Cozinha','Alameda dos Canu00e0rios, 891','Sao Paulo','SP','05487-020','Brazil'),(10407,'OTTIK',2,'1997-01-06 23:00:00','1997-02-03 23:00:00','1997-01-29 23:00:00',2,91,'Ottilies Ku00e4seladen','Mehrheimerstr. 369','Ku00f6ln',NULL,'50739','Germany'),(10408,'FOLIG',8,'1997-01-07 23:00:00','1997-02-04 23:00:00','1997-01-13 23:00:00',1,11,'Folies gourmandes','184, chaussu00e9e de Tournai','Lille',NULL,'59000','France'),(10409,'OCEAN',3,'1997-01-08 23:00:00','1997-02-05 23:00:00','1997-01-13 23:00:00',1,30,'Ocu00e9ano Atlu00e1ntico Ltda.','Ing. Gustavo Moncada 8585 Piso 20-A','Buenos Aires',NULL,'1010','Argentina'),(10410,'BOTTM',3,'1997-01-09 23:00:00','1997-02-06 23:00:00','1997-01-14 23:00:00',3,2,'Bottom-Dollar Markets','23 Tsawassen Blvd.','Tsawassen','BC','T2F 8M4','Canada'),(10411,'BOTTM',9,'1997-01-09 23:00:00','1997-02-06 23:00:00','1997-01-20 23:00:00',3,24,'Bottom-Dollar Markets','23 Tsawassen Blvd.','Tsawassen','BC','T2F 8M4','Canada'),(10412,'WARTH',8,'1997-01-12 23:00:00','1997-02-09 23:00:00','1997-01-14 23:00:00',2,4,'Wartian Herkku','Torikatu 38','Oulu',NULL,'90110','Finland'),(10413,'LAMAI',3,'1997-01-13 23:00:00','1997-02-10 23:00:00','1997-01-15 23:00:00',2,96,'La maison d\'Asie','1 rue Alsace-Lorraine','Toulouse',NULL,'31000','France'),(10414,'FAMIA',2,'1997-01-13 23:00:00','1997-02-10 23:00:00','1997-01-16 23:00:00',3,21,'Familia Arquibaldo','Rua Oru00f3s, 92','Sao Paulo','SP','05442-030','Brazil'),(10415,'HUNGC',3,'1997-01-14 23:00:00','1997-02-11 23:00:00','1997-01-23 23:00:00',1,0,'Hungry Coyote Import Store','City Center Plaza 516 Main St.','Elgin','OR','97827','USA'),(10416,'WARTH',8,'1997-01-15 23:00:00','1997-02-12 23:00:00','1997-01-26 23:00:00',3,23,'Wartian Herkku','Torikatu 38','Oulu',NULL,'90110','Finland'),(10417,'SIMOB',4,'1997-01-15 23:00:00','1997-02-12 23:00:00','1997-01-27 23:00:00',3,70,'Simons bistro','Vinbu00e6ltet 34','Kobenhavn',NULL,'1734','Denmark'),(10418,'QUICK',4,'1997-01-16 23:00:00','1997-02-13 23:00:00','1997-01-23 23:00:00',1,18,'QUICK-Stop','Taucherstrau00dfe 10','Cunewalde',NULL,'01307','Germany'),(10419,'RICSU',4,'1997-01-19 23:00:00','1997-02-16 23:00:00','1997-01-29 23:00:00',2,137,'Richter Supermarkt','Starenweg 5','Genu00e8ve',NULL,'1204','Switzerland'),(10420,'WELLI',3,'1997-01-20 23:00:00','1997-02-17 23:00:00','1997-01-26 23:00:00',1,44,'Wellington Importadora','Rua do Mercado, 12','Resende','SP','08737-363','Brazil'),(10421,'QUEDE',8,'1997-01-20 23:00:00','1997-03-03 23:00:00','1997-01-26 23:00:00',1,99,'Que Delu00edcia','Rua da Panificadora, 12','Rio de Janeiro','RJ','02389-673','Brazil'),(10422,'FRANS',2,'1997-01-21 23:00:00','1997-02-18 23:00:00','1997-01-30 23:00:00',1,3,'Franchi S.p.A.','Via Monte Bianco 34','Torino',NULL,'10100','Italy'),(10423,'GOURL',6,'1997-01-22 23:00:00','1997-02-05 23:00:00','1997-02-23 23:00:00',3,25,'Gourmet Lanchonetes','Av. Brasil, 442','Campinas','SP','04876-786','Brazil'),(10424,'MEREP',7,'1997-01-22 23:00:00','1997-02-19 23:00:00','1997-01-26 23:00:00',2,371,'Mu00e8re Paillarde','43 rue St. Laurent','Montru00e9al','Quu00e9bec','H1J 1C3','Canada'),(10425,'LAMAI',6,'1997-01-23 23:00:00','1997-02-20 23:00:00','1997-02-13 23:00:00',2,8,'La maison d\'Asie','1 rue Alsace-Lorraine','Toulouse',NULL,'31000','France'),(10426,'GALED',4,'1997-01-26 23:00:00','1997-02-23 23:00:00','1997-02-05 23:00:00',1,19,'Galeru00eda del gastronu00f3mo','Rambla de Cataluu00f1a, 23','Barcelona',NULL,'8022','Spain'),(10427,'PICCO',4,'1997-01-26 23:00:00','1997-02-23 23:00:00','1997-03-02 23:00:00',2,31,'Piccolo und mehr','Geislweg 14','Salzburg',NULL,'5020','Austria'),(10428,'REGGC',7,'1997-01-27 23:00:00','1997-02-24 23:00:00','1997-02-03 23:00:00',1,11,'Reggiani Caseifici','Strada Provinciale 124','Reggio Emilia',NULL,'42100','Italy'),(10429,'HUNGO',3,'1997-01-28 23:00:00','1997-03-11 23:00:00','1997-02-06 23:00:00',2,57,'Hungry Owl All-Night Grocers','8 Johnstown Road','Cork','Co. Cork',NULL,'Ireland'),(10430,'ERNSH',4,'1997-01-29 23:00:00','1997-02-12 23:00:00','1997-02-02 23:00:00',1,459,'Ernst Handel','Kirchgasse 6','Graz',NULL,'8010','Austria'),(10431,'BOTTM',4,'1997-01-29 23:00:00','1997-02-12 23:00:00','1997-02-06 23:00:00',2,44,'Bottom-Dollar Markets','23 Tsawassen Blvd.','Tsawassen','BC','T2F 8M4','Canada'),(10432,'SPLIR',3,'1997-01-30 23:00:00','1997-02-13 23:00:00','1997-02-06 23:00:00',2,4,'Split Rail Beer & Ale','P.O. Box 555','Lander','WY','82520','USA'),(10433,'PRINI',3,'1997-02-02 23:00:00','1997-03-02 23:00:00','1997-03-03 23:00:00',3,74,'Princesa Isabel Vinhos','Estrada da sau00fade n. 58','Lisboa',NULL,'1756','Portugal'),(10434,'FOLKO',3,'1997-02-02 23:00:00','1997-03-02 23:00:00','1997-02-12 23:00:00',2,18,'Folk och fu00e4 HB','u00c5kergatan 24','Bru00e4cke',NULL,'S-844 67','Sweden'),(10435,'CONSH',8,'1997-02-03 23:00:00','1997-03-17 23:00:00','1997-02-06 23:00:00',2,9,'Consolidated Holdings','Berkeley Gardens 12  Brewery','London',NULL,'WX1 6LT','UK'),(10436,'BLONP',3,'1997-02-04 23:00:00','1997-03-04 23:00:00','1997-02-10 23:00:00',2,157,'Blondel pu00e8re et fils','24, place Klu00e9ber','Strasbourg',NULL,'67000','France'),(10437,'WARTH',8,'1997-02-04 23:00:00','1997-03-04 23:00:00','1997-02-11 23:00:00',1,20,'Wartian Herkku','Torikatu 38','Oulu',NULL,'90110','Finland'),(10438,'TOMSP',3,'1997-02-05 23:00:00','1997-03-05 23:00:00','1997-02-13 23:00:00',2,8,'Toms Spezialitu00e4ten','Luisenstr. 48','Mu00fcnster',NULL,'44087','Germany'),(10439,'MEREP',6,'1997-02-06 23:00:00','1997-03-06 23:00:00','1997-02-09 23:00:00',3,4,'Mu00e8re Paillarde','43 rue St. Laurent','Montru00e9al','Quu00e9bec','H1J 1C3','Canada'),(10440,'SAVEA',4,'1997-02-09 23:00:00','1997-03-09 23:00:00','1997-02-27 23:00:00',2,87,'Save-a-lot Markets','187 Suffolk Ln.','Boise','ID','83720','USA'),(10441,'OLDWO',3,'1997-02-09 23:00:00','1997-03-23 23:00:00','1997-03-13 23:00:00',2,73,'Old World Delicatessen','2743 Bering St.','Anchorage','AK','99508','USA'),(10442,'ERNSH',3,'1997-02-10 23:00:00','1997-03-10 23:00:00','1997-02-17 23:00:00',2,48,'Ernst Handel','Kirchgasse 6','Graz',NULL,'8010','Austria'),(10443,'REGGC',8,'1997-02-11 23:00:00','1997-03-11 23:00:00','1997-02-13 23:00:00',1,14,'Reggiani Caseifici','Strada Provinciale 124','Reggio Emilia',NULL,'42100','Italy'),(10444,'BERGS',3,'1997-02-11 23:00:00','1997-03-11 23:00:00','1997-02-20 23:00:00',3,4,'Berglunds snabbku00f6p','Berguvsvu00e4gen  8','Luleu00e5',NULL,'S-958 22','Sweden'),(10445,'BERGS',3,'1997-02-12 23:00:00','1997-03-12 23:00:00','1997-02-19 23:00:00',1,9,'Berglunds snabbku00f6p','Berguvsvu00e4gen  8','Luleu00e5',NULL,'S-958 22','Sweden'),(10446,'TOMSP',6,'1997-02-13 23:00:00','1997-03-13 23:00:00','1997-02-18 23:00:00',1,15,'Toms Spezialitu00e4ten','Luisenstr. 48','Mu00fcnster',NULL,'44087','Germany'),(10447,'RICAR',4,'1997-02-13 23:00:00','1997-03-13 23:00:00','1997-03-06 23:00:00',2,69,'Ricardo Adocicados','Av. Copacabana, 267','Rio de Janeiro','RJ','02389-890','Brazil'),(10448,'RANCH',4,'1997-02-16 23:00:00','1997-03-16 23:00:00','1997-02-23 23:00:00',2,39,'Rancho grande','Av. del Libertador 900','Buenos Aires',NULL,'1010','Argentina'),(10449,'BLONP',3,'1997-02-17 23:00:00','1997-03-17 23:00:00','1997-02-26 23:00:00',2,53,'Blondel pu00e8re et fils','24, place Klu00e9ber','Strasbourg',NULL,'67000','France'),(10450,'VICTE',8,'1997-02-18 23:00:00','1997-03-18 23:00:00','1997-03-10 23:00:00',2,7,'Victuailles en stock','2, rue du Commerce','Lyon',NULL,'69004','France'),(10451,'QUICK',4,'1997-02-18 23:00:00','1997-03-04 23:00:00','1997-03-11 23:00:00',3,189,'QUICK-Stop','Taucherstrau00dfe 10','Cunewalde',NULL,'01307','Germany'),(10452,'SAVEA',8,'1997-02-19 23:00:00','1997-03-19 23:00:00','1997-02-25 23:00:00',1,140,'Save-a-lot Markets','187 Suffolk Ln.','Boise','ID','83720','USA'),(10453,'AROUT',1,'1997-02-20 23:00:00','1997-03-20 23:00:00','1997-02-25 23:00:00',2,25,'Around the Horn','Brook Farm Stratford St. Mary','Colchester','Essex','CO7 6JX','UK'),(10454,'LAMAI',4,'1997-02-20 23:00:00','1997-03-20 23:00:00','1997-02-24 23:00:00',3,3,'La maison d\'Asie','1 rue Alsace-Lorraine','Toulouse',NULL,'31000','France'),(10455,'WARTH',8,'1997-02-23 23:00:00','1997-04-06 22:00:00','1997-03-02 23:00:00',2,180,'Wartian Herkku','Torikatu 38','Oulu',NULL,'90110','Finland'),(10456,'KOENE',8,'1997-02-24 23:00:00','1997-04-07 22:00:00','1997-02-27 23:00:00',2,8,'Ku00f6niglich Essen','Maubelstr. 90','Brandenburg',NULL,'14776','Germany'),(10457,'KOENE',2,'1997-02-24 23:00:00','1997-03-24 23:00:00','1997-03-02 23:00:00',1,12,'Ku00f6niglich Essen','Maubelstr. 90','Brandenburg',NULL,'14776','Germany'),(10458,'SUPRD',7,'1997-02-25 23:00:00','1997-03-25 23:00:00','1997-03-03 23:00:00',3,147,'Supru00eames du00e9lices','Boulevard Tirou, 255','Charleroi',NULL,'B-6000','Belgium'),(10459,'VICTE',4,'1997-02-26 23:00:00','1997-03-26 23:00:00','1997-02-27 23:00:00',2,25,'Victuailles en stock','2, rue du Commerce','Lyon',NULL,'69004','France'),(10460,'FOLKO',8,'1997-02-27 23:00:00','1997-03-27 23:00:00','1997-03-02 23:00:00',1,16,'Folk och fu00e4 HB','u00c5kergatan 24','Bru00e4cke',NULL,'S-844 67','Sweden'),(10461,'LILAS',1,'1997-02-27 23:00:00','1997-03-27 23:00:00','1997-03-04 23:00:00',3,149,'LILA-Supermercado','Carrera 52 con Ave. Bolu00edvar #65-98 Llano Largo','Barquisimeto','Lara','3508','Venezuela'),(10462,'CONSH',2,'1997-03-02 23:00:00','1997-03-30 22:00:00','1997-03-17 23:00:00',1,6,'Consolidated Holdings','Berkeley Gardens 12  Brewery','London',NULL,'WX1 6LT','UK'),(10463,'SUPRD',5,'1997-03-03 23:00:00','1997-03-31 22:00:00','1997-03-05 23:00:00',3,15,'Supru00eames du00e9lices','Boulevard Tirou, 255','Charleroi',NULL,'B-6000','Belgium'),(10464,'FURIB',4,'1997-03-03 23:00:00','1997-03-31 22:00:00','1997-03-13 23:00:00',2,89,'Furia Bacalhau e Frutos do Mar','Jardim das rosas n. 32','Lisboa',NULL,'1675','Portugal'),(10465,'VAFFE',1,'1997-03-04 23:00:00','1997-04-01 22:00:00','1997-03-13 23:00:00',3,145,'Vaffeljernet','Smagsloget 45','u00c5rhus',NULL,'8200','Denmark'),(10466,'COMMI',4,'1997-03-05 23:00:00','1997-04-02 22:00:00','1997-03-12 23:00:00',1,12,'Comu00e9rcio Mineiro','Av. dos Lusu00edadas, 23','Sao Paulo','SP','05432-043','Brazil'),(10467,'MAGAA',8,'1997-03-05 23:00:00','1997-04-02 22:00:00','1997-03-10 23:00:00',2,5,'Magazzini Alimentari Riuniti','Via Ludovico il Moro 22','Bergamo',NULL,'24100','Italy'),(10468,'KOENE',3,'1997-03-06 23:00:00','1997-04-03 22:00:00','1997-03-11 23:00:00',3,44,'Ku00f6niglich Essen','Maubelstr. 90','Brandenburg',NULL,'14776','Germany'),(10469,'WHITC',1,'1997-03-09 23:00:00','1997-04-06 22:00:00','1997-03-13 23:00:00',1,60,'White Clover Markets','1029 - 12th Ave. S.','Seattle','WA','98124','USA'),(10470,'BONAP',4,'1997-03-10 23:00:00','1997-04-07 22:00:00','1997-03-13 23:00:00',2,65,'Bon app\'','12, rue des Bouchers','Marseille',NULL,'13008','France'),(10471,'BSBEV',2,'1997-03-10 23:00:00','1997-04-07 22:00:00','1997-03-17 23:00:00',3,46,'B\'s Beverages','Fauntleroy Circus','London',NULL,'EC2 5NT','UK'),(10472,'SEVES',8,'1997-03-11 23:00:00','1997-04-08 22:00:00','1997-03-18 23:00:00',1,4,'Seven Seas Imports','90 Wadhurst Rd.','London',NULL,'OX15 4NB','UK'),(10473,'ISLAT',1,'1997-03-12 23:00:00','1997-03-26 23:00:00','1997-03-20 23:00:00',3,16,'Island Trading','Garden House Crowther Way','Cowes','Isle of Wight','PO31 7PJ','UK'),(10474,'PERIC',5,'1997-03-12 23:00:00','1997-04-09 22:00:00','1997-03-20 23:00:00',2,83,'Pericles Comidas clu00e1sicas','Calle Dr. Jorge Cash 321','Mu00e9xico D.F.',NULL,'05033','Mexico'),(10475,'SUPRD',9,'1997-03-13 23:00:00','1997-04-10 22:00:00','1997-04-03 22:00:00',1,69,'Supru00eames du00e9lices','Boulevard Tirou, 255','Charleroi',NULL,'B-6000','Belgium'),(10476,'HILAA',8,'1997-03-16 23:00:00','1997-04-13 22:00:00','1997-03-23 23:00:00',3,4,'HILARION-Abastos','Carrera 22 con Ave. Carlos Soublette #8-35','San Cristu00f3bal','Tu00e1chira','5022','Venezuela'),(10477,'PRINI',5,'1997-03-16 23:00:00','1997-04-13 22:00:00','1997-03-24 23:00:00',2,13,'Princesa Isabel Vinhos','Estrada da sau00fade n. 58','Lisboa',NULL,'1756','Portugal'),(10478,'VICTE',2,'1997-03-17 23:00:00','1997-03-31 22:00:00','1997-03-25 23:00:00',3,5,'Victuailles en stock','2, rue du Commerce','Lyon',NULL,'69004','France'),(10479,'RATTC',3,'1997-03-18 23:00:00','1997-04-15 22:00:00','1997-03-20 23:00:00',3,709,'Rattlesnake Canyon Grocery','2817 Milton Dr.','Albuquerque','NM','87110','USA'),(10480,'FOLIG',6,'1997-03-19 23:00:00','1997-04-16 22:00:00','1997-03-23 23:00:00',2,1,'Folies gourmandes','184, chaussu00e9e de Tournai','Lille',NULL,'59000','France'),(10481,'RICAR',8,'1997-03-19 23:00:00','1997-04-16 22:00:00','1997-03-24 23:00:00',2,64,'Ricardo Adocicados','Av. Copacabana, 267','Rio de Janeiro','RJ','02389-890','Brazil'),(10482,'LAZYK',1,'1997-03-20 23:00:00','1997-04-17 22:00:00','1997-04-09 22:00:00',3,7,'Lazy K Kountry Store','12 Orchestra Terrace','Walla Walla','WA','99362','USA'),(10483,'WHITC',7,'1997-03-23 23:00:00','1997-04-20 22:00:00','1997-04-24 22:00:00',2,15,'White Clover Markets','1029 - 12th Ave. S.','Seattle','WA','98124','USA'),(10484,'BSBEV',3,'1997-03-23 23:00:00','1997-04-20 22:00:00','1997-03-31 22:00:00',3,7,'B\'s Beverages','Fauntleroy Circus','London',NULL,'EC2 5NT','UK'),(10485,'LINOD',4,'1997-03-24 23:00:00','1997-04-07 22:00:00','1997-03-30 22:00:00',2,64,'LINO-Delicateses','Ave. 5 de Mayo Porlamar','I. de Margarita','Nueva Esparta','4980','Venezuela'),(10486,'HILAA',1,'1997-03-25 23:00:00','1997-04-22 22:00:00','1997-04-01 22:00:00',2,31,'HILARION-Abastos','Carrera 22 con Ave. Carlos Soublette #8-35','San Cristu00f3bal','Tu00e1chira','5022','Venezuela'),(10487,'QUEEN',2,'1997-03-25 23:00:00','1997-04-22 22:00:00','1997-03-27 23:00:00',2,71,'Queen Cozinha','Alameda dos Canu00e0rios, 891','Sao Paulo','SP','05487-020','Brazil'),(10488,'FRANK',8,'1997-03-26 23:00:00','1997-04-23 22:00:00','1997-04-01 22:00:00',2,5,'Frankenversand','Berliner Platz 43','Mu00fcnchen',NULL,'80805','Germany'),(10489,'PICCO',6,'1997-03-27 23:00:00','1997-04-24 22:00:00','1997-04-08 22:00:00',2,5,'Piccolo und mehr','Geislweg 14','Salzburg',NULL,'5020','Austria'),(10490,'HILAA',7,'1997-03-30 22:00:00','1997-04-27 22:00:00','1997-04-02 22:00:00',2,210,'HILARION-Abastos','Carrera 22 con Ave. Carlos Soublette #8-35','San Cristu00f3bal','Tu00e1chira','5022','Venezuela'),(10491,'FURIB',8,'1997-03-30 22:00:00','1997-04-27 22:00:00','1997-04-07 22:00:00',3,17,'Furia Bacalhau e Frutos do Mar','Jardim das rosas n. 32','Lisboa',NULL,'1675','Portugal'),(10492,'BOTTM',3,'1997-03-31 22:00:00','1997-04-28 22:00:00','1997-04-10 22:00:00',1,63,'Bottom-Dollar Markets','23 Tsawassen Blvd.','Tsawassen','BC','T2F 8M4','Canada'),(10493,'LAMAI',4,'1997-04-01 22:00:00','1997-04-29 22:00:00','1997-04-09 22:00:00',3,11,'La maison d\'Asie','1 rue Alsace-Lorraine','Toulouse',NULL,'31000','France'),(10494,'COMMI',4,'1997-04-01 22:00:00','1997-04-29 22:00:00','1997-04-08 22:00:00',2,66,'Comu00e9rcio Mineiro','Av. dos Lusu00edadas, 23','Sao Paulo','SP','05432-043','Brazil'),(10495,'LAUGB',3,'1997-04-02 22:00:00','1997-04-30 22:00:00','1997-04-10 22:00:00',3,5,'Laughing Bacchus Wine Cellars','2319 Elm St.','Vancouver','BC','V3F 2K1','Canada'),(10496,'TRADH',7,'1997-04-03 22:00:00','1997-05-01 22:00:00','1997-04-06 22:00:00',2,47,'Tradiu00e7ao Hipermercados','Av. Inu00eas de Castro, 414','Sao Paulo','SP','05634-030','Brazil'),(10497,'LEHMS',7,'1997-04-03 22:00:00','1997-05-01 22:00:00','1997-04-06 22:00:00',1,36,'Lehmanns Marktstand','Magazinweg 7','Frankfurt a.M.',NULL,'60528','Germany'),(10498,'HILAA',8,'1997-04-06 22:00:00','1997-05-04 22:00:00','1997-04-10 22:00:00',2,30,'HILARION-Abastos','Carrera 22 con Ave. Carlos Soublette #8-35','San Cristu00f3bal','Tu00e1chira','5022','Venezuela'),(10499,'LILAS',4,'1997-04-07 22:00:00','1997-05-05 22:00:00','1997-04-15 22:00:00',2,102,'LILA-Supermercado','Carrera 52 con Ave. Bolu00edvar #65-98 Llano Largo','Barquisimeto','Lara','3508','Venezuela'),(10500,'LAMAI',6,'1997-04-08 22:00:00','1997-05-06 22:00:00','1997-04-16 22:00:00',1,43,'La maison d\'Asie','1 rue Alsace-Lorraine','Toulouse',NULL,'31000','France'),(10501,'BLAUS',9,'1997-04-08 22:00:00','1997-05-06 22:00:00','1997-04-15 22:00:00',3,9,'Blauer See Delikatessen','Forsterstr. 57','Mannheim',NULL,'68306','Germany'),(10502,'PERIC',2,'1997-04-09 22:00:00','1997-05-07 22:00:00','1997-04-28 22:00:00',1,69,'Pericles Comidas clu00e1sicas','Calle Dr. Jorge Cash 321','Mu00e9xico D.F.',NULL,'05033','Mexico'),(10503,'HUNGO',6,'1997-04-10 22:00:00','1997-05-08 22:00:00','1997-04-15 22:00:00',2,17,'Hungry Owl All-Night Grocers','8 Johnstown Road','Cork','Co. Cork',NULL,'Ireland'),(10504,'WHITC',4,'1997-04-10 22:00:00','1997-05-08 22:00:00','1997-04-17 22:00:00',3,59,'White Clover Markets','1029 - 12th Ave. S.','Seattle','WA','98124','USA'),(10505,'MEREP',3,'1997-04-13 22:00:00','1997-05-11 22:00:00','1997-04-20 22:00:00',3,7,'Mu00e8re Paillarde','43 rue St. Laurent','Montru00e9al','Quu00e9bec','H1J 1C3','Canada'),(10506,'KOENE',9,'1997-04-14 22:00:00','1997-05-12 22:00:00','1997-05-01 22:00:00',2,21,'Ku00f6niglich Essen','Maubelstr. 90','Brandenburg',NULL,'14776','Germany'),(10507,'ANTON',7,'1997-04-14 22:00:00','1997-05-12 22:00:00','1997-04-21 22:00:00',1,47,'Antonio Moreno Taqueru00eda','Mataderos  2312','Mu00e9xico D.F.',NULL,'05023','Mexico'),(10508,'OTTIK',1,'1997-04-15 22:00:00','1997-05-13 22:00:00','1997-05-12 22:00:00',2,5,'Ottilies Ku00e4seladen','Mehrheimerstr. 369','Ku00f6ln',NULL,'50739','Germany'),(10509,'BLAUS',4,'1997-04-16 22:00:00','1997-05-14 22:00:00','1997-04-28 22:00:00',1,0,'Blauer See Delikatessen','Forsterstr. 57','Mannheim',NULL,'68306','Germany'),(10510,'SAVEA',6,'1997-04-17 22:00:00','1997-05-15 22:00:00','1997-04-27 22:00:00',3,368,'Save-a-lot Markets','187 Suffolk Ln.','Boise','ID','83720','USA'),(10511,'BONAP',4,'1997-04-17 22:00:00','1997-05-15 22:00:00','1997-04-20 22:00:00',3,351,'Bon app\'','12, rue des Bouchers','Marseille',NULL,'13008','France'),(10512,'FAMIA',7,'1997-04-20 22:00:00','1997-05-18 22:00:00','1997-04-23 22:00:00',2,4,'Familia Arquibaldo','Rua Oru00f3s, 92','Sao Paulo','SP','05442-030','Brazil'),(10513,'WANDK',7,'1997-04-21 22:00:00','1997-06-02 22:00:00','1997-04-27 22:00:00',1,106,'Die Wandernde Kuh','Adenauerallee 900','Stuttgart',NULL,'70563','Germany'),(10514,'ERNSH',3,'1997-04-21 22:00:00','1997-05-19 22:00:00','1997-05-15 22:00:00',2,790,'Ernst Handel','Kirchgasse 6','Graz',NULL,'8010','Austria'),(10515,'QUICK',2,'1997-04-22 22:00:00','1997-05-06 22:00:00','1997-05-22 22:00:00',1,204,'QUICK-Stop','Taucherstrau00dfe 10','Cunewalde',NULL,'01307','Germany'),(10516,'HUNGO',2,'1997-04-23 22:00:00','1997-05-21 22:00:00','1997-04-30 22:00:00',3,63,'Hungry Owl All-Night Grocers','8 Johnstown Road','Cork','Co. Cork',NULL,'Ireland'),(10517,'NORTS',3,'1997-04-23 22:00:00','1997-05-21 22:00:00','1997-04-28 22:00:00',3,32,'North/South','South House 300 Queensbridge','London',NULL,'SW7 1RZ','UK'),(10518,'TORTU',4,'1997-04-24 22:00:00','1997-05-08 22:00:00','1997-05-04 22:00:00',2,218,'Tortuga Restaurante','Avda. Azteca 123','Mu00e9xico D.F.',NULL,'05033','Mexico'),(10519,'CHOPS',6,'1997-04-27 22:00:00','1997-05-25 22:00:00','1997-04-30 22:00:00',3,92,'Chop-suey Chinese','Hauptstr. 31','Bern',NULL,'3012','Switzerland'),(10520,'SANTG',7,'1997-04-28 22:00:00','1997-05-26 22:00:00','1997-04-30 22:00:00',1,13,'Santu00e9 Gourmet','Erling Skakkes gate 78','Stavern',NULL,'4110','Norway'),(10521,'CACTU',8,'1997-04-28 22:00:00','1997-05-26 22:00:00','1997-05-01 22:00:00',2,17,'Cactus Comidas para llevar','Cerrito 333','Buenos Aires',NULL,'1010','Argentina'),(10522,'LEHMS',4,'1997-04-29 22:00:00','1997-05-27 22:00:00','1997-05-05 22:00:00',1,45,'Lehmanns Marktstand','Magazinweg 7','Frankfurt a.M.',NULL,'60528','Germany'),(10523,'SEVES',7,'1997-04-30 22:00:00','1997-05-28 22:00:00','1997-05-29 22:00:00',2,78,'Seven Seas Imports','90 Wadhurst Rd.','London',NULL,'OX15 4NB','UK'),(10524,'BERGS',1,'1997-04-30 22:00:00','1997-05-28 22:00:00','1997-05-06 22:00:00',2,245,'Berglunds snabbku00f6p','Berguvsvu00e4gen  8','Luleu00e5',NULL,'S-958 22','Sweden'),(10525,'BONAP',1,'1997-05-01 22:00:00','1997-05-29 22:00:00','1997-05-22 22:00:00',2,11,'Bon app\'','12, rue des Bouchers','Marseille',NULL,'13008','France'),(10526,'WARTH',4,'1997-05-04 22:00:00','1997-06-01 22:00:00','1997-05-14 22:00:00',2,59,'Wartian Herkku','Torikatu 38','Oulu',NULL,'90110','Finland'),(10527,'QUICK',7,'1997-05-04 22:00:00','1997-06-01 22:00:00','1997-05-06 22:00:00',1,42,'QUICK-Stop','Taucherstrau00dfe 10','Cunewalde',NULL,'01307','Germany'),(10528,'GREAL',6,'1997-05-05 22:00:00','1997-05-19 22:00:00','1997-05-08 22:00:00',2,3,'Great Lakes Food Market','2732 Baker Blvd.','Eugene','OR','97403','USA'),(10529,'MAISD',5,'1997-05-06 22:00:00','1997-06-03 22:00:00','1997-05-08 22:00:00',2,67,'Maison Dewey','Rue Joseph-Bens 532','Bruxelles',NULL,'B-1180','Belgium'),(10530,'PICCO',3,'1997-05-07 22:00:00','1997-06-04 22:00:00','1997-05-11 22:00:00',2,339,'Piccolo und mehr','Geislweg 14','Salzburg',NULL,'5020','Austria'),(10531,'OCEAN',7,'1997-05-07 22:00:00','1997-06-04 22:00:00','1997-05-18 22:00:00',1,8,'Ocu00e9ano Atlu00e1ntico Ltda.','Ing. Gustavo Moncada 8585 Piso 20-A','Buenos Aires',NULL,'1010','Argentina'),(10532,'EASTC',7,'1997-05-08 22:00:00','1997-06-05 22:00:00','1997-05-11 22:00:00',3,74,'Eastern Connection','35 King George','London',NULL,'WX3 6FW','UK'),(10533,'FOLKO',8,'1997-05-11 22:00:00','1997-06-08 22:00:00','1997-05-21 22:00:00',1,188,'Folk och fu00e4 HB','u00c5kergatan 24','Bru00e4cke',NULL,'S-844 67','Sweden'),(10534,'LEHMS',8,'1997-05-11 22:00:00','1997-06-08 22:00:00','1997-05-13 22:00:00',2,28,'Lehmanns Marktstand','Magazinweg 7','Frankfurt a.M.',NULL,'60528','Germany'),(10535,'ANTON',4,'1997-05-12 22:00:00','1997-06-09 22:00:00','1997-05-20 22:00:00',1,16,'Antonio Moreno Taqueru00eda','Mataderos  2312','Mu00e9xico D.F.',NULL,'05023','Mexico'),(10536,'LEHMS',3,'1997-05-13 22:00:00','1997-06-10 22:00:00','1997-06-05 22:00:00',2,59,'Lehmanns Marktstand','Magazinweg 7','Frankfurt a.M.',NULL,'60528','Germany'),(10537,'RICSU',1,'1997-05-13 22:00:00','1997-05-27 22:00:00','1997-05-18 22:00:00',1,79,'Richter Supermarkt','Starenweg 5','Genu00e8ve',NULL,'1204','Switzerland'),(10538,'BSBEV',9,'1997-05-14 22:00:00','1997-06-11 22:00:00','1997-05-15 22:00:00',3,5,'B\'s Beverages','Fauntleroy Circus','London',NULL,'EC2 5NT','UK'),(10539,'BSBEV',6,'1997-05-15 22:00:00','1997-06-12 22:00:00','1997-05-22 22:00:00',3,12,'B\'s Beverages','Fauntleroy Circus','London',NULL,'EC2 5NT','UK'),(10540,'QUICK',3,'1997-05-18 22:00:00','1997-06-15 22:00:00','1997-06-12 22:00:00',3,1008,'QUICK-Stop','Taucherstrau00dfe 10','Cunewalde',NULL,'01307','Germany'),(10541,'HANAR',2,'1997-05-18 22:00:00','1997-06-15 22:00:00','1997-05-28 22:00:00',1,69,'Hanari Carnes','Rua do Pau00e7o, 67','Rio de Janeiro','RJ','05454-876','Brazil'),(10542,'KOENE',1,'1997-05-19 22:00:00','1997-06-16 22:00:00','1997-05-25 22:00:00',3,11,'Ku00f6niglich Essen','Maubelstr. 90','Brandenburg',NULL,'14776','Germany'),(10543,'LILAS',8,'1997-05-20 22:00:00','1997-06-17 22:00:00','1997-05-22 22:00:00',2,48,'LILA-Supermercado','Carrera 52 con Ave. Bolu00edvar #65-98 Llano Largo','Barquisimeto','Lara','3508','Venezuela'),(10544,'LONEP',4,'1997-05-20 22:00:00','1997-06-17 22:00:00','1997-05-29 22:00:00',1,25,'Lonesome Pine Restaurant','89 Chiaroscuro Rd.','Portland','OR','97219','USA'),(10545,'LAZYK',8,'1997-05-21 22:00:00','1997-06-18 22:00:00','1997-06-25 22:00:00',2,12,'Lazy K Kountry Store','12 Orchestra Terrace','Walla Walla','WA','99362','USA'),(10546,'VICTE',1,'1997-05-22 22:00:00','1997-06-19 22:00:00','1997-05-26 22:00:00',3,195,'Victuailles en stock','2, rue du Commerce','Lyon',NULL,'69004','France'),(10547,'SEVES',3,'1997-05-22 22:00:00','1997-06-19 22:00:00','1997-06-01 22:00:00',2,178,'Seven Seas Imports','90 Wadhurst Rd.','London',NULL,'OX15 4NB','UK'),(10548,'TOMSP',3,'1997-05-25 22:00:00','1997-06-22 22:00:00','1997-06-01 22:00:00',2,1,'Toms Spezialitu00e4ten','Luisenstr. 48','Mu00fcnster',NULL,'44087','Germany'),(10549,'QUICK',5,'1997-05-26 22:00:00','1997-06-09 22:00:00','1997-05-29 22:00:00',1,171,'QUICK-Stop','Taucherstrau00dfe 10','Cunewalde',NULL,'01307','Germany'),(10550,'GODOS',7,'1997-05-27 22:00:00','1997-06-24 22:00:00','1997-06-05 22:00:00',3,4,'Godos Cocina Tu00edpica','C/ Romero, 33','Sevilla',NULL,'41101','Spain'),(10551,'FURIB',4,'1997-05-27 22:00:00','1997-07-08 22:00:00','1997-06-05 22:00:00',3,73,'Furia Bacalhau e Frutos do Mar','Jardim das rosas n. 32','Lisboa',NULL,'1675','Portugal'),(10552,'HILAA',2,'1997-05-28 22:00:00','1997-06-25 22:00:00','1997-06-04 22:00:00',1,83,'HILARION-Abastos','Carrera 22 con Ave. Carlos Soublette #8-35','San Cristu00f3bal','Tu00e1chira','5022','Venezuela'),(10553,'WARTH',2,'1997-05-29 22:00:00','1997-06-26 22:00:00','1997-06-02 22:00:00',2,149,'Wartian Herkku','Torikatu 38','Oulu',NULL,'90110','Finland'),(10554,'OTTIK',4,'1997-05-29 22:00:00','1997-06-26 22:00:00','1997-06-04 22:00:00',3,121,'Ottilies Ku00e4seladen','Mehrheimerstr. 369','Ku00f6ln',NULL,'50739','Germany'),(10555,'SAVEA',6,'1997-06-01 22:00:00','1997-06-29 22:00:00','1997-06-03 22:00:00',3,252,'Save-a-lot Markets','187 Suffolk Ln.','Boise','ID','83720','USA'),(10556,'SIMOB',2,'1997-06-02 22:00:00','1997-07-14 22:00:00','1997-06-12 22:00:00',1,10,'Simons bistro','Vinbu00e6ltet 34','Kobenhavn',NULL,'1734','Denmark'),(10557,'LEHMS',9,'1997-06-02 22:00:00','1997-06-16 22:00:00','1997-06-05 22:00:00',2,97,'Lehmanns Marktstand','Magazinweg 7','Frankfurt a.M.',NULL,'60528','Germany'),(10558,'AROUT',1,'1997-06-03 22:00:00','1997-07-01 22:00:00','1997-06-09 22:00:00',2,73,'Around the Horn','Brook Farm Stratford St. Mary','Colchester','Essex','CO7 6JX','UK'),(10559,'BLONP',6,'1997-06-04 22:00:00','1997-07-02 22:00:00','1997-06-12 22:00:00',1,8,'Blondel pu00e8re et fils','24, place Klu00e9ber','Strasbourg',NULL,'67000','France'),(10560,'FRANK',8,'1997-06-05 22:00:00','1997-07-03 22:00:00','1997-06-08 22:00:00',1,37,'Frankenversand','Berliner Platz 43','Mu00fcnchen',NULL,'80805','Germany'),(10561,'FOLKO',2,'1997-06-05 22:00:00','1997-07-03 22:00:00','1997-06-08 22:00:00',2,242,'Folk och fu00e4 HB','u00c5kergatan 24','Bru00e4cke',NULL,'S-844 67','Sweden'),(10562,'REGGC',1,'1997-06-08 22:00:00','1997-07-06 22:00:00','1997-06-11 22:00:00',1,23,'Reggiani Caseifici','Strada Provinciale 124','Reggio Emilia',NULL,'42100','Italy'),(10563,'RICAR',2,'1997-06-09 22:00:00','1997-07-21 22:00:00','1997-06-23 22:00:00',2,60,'Ricardo Adocicados','Av. Copacabana, 267','Rio de Janeiro','RJ','02389-890','Brazil'),(10564,'RATTC',4,'1997-06-09 22:00:00','1997-07-07 22:00:00','1997-06-15 22:00:00',3,14,'Rattlesnake Canyon Grocery','2817 Milton Dr.','Albuquerque','NM','87110','USA'),(10565,'MEREP',8,'1997-06-10 22:00:00','1997-07-08 22:00:00','1997-06-17 22:00:00',2,7,'Mu00e8re Paillarde','43 rue St. Laurent','Montru00e9al','Quu00e9bec','H1J 1C3','Canada'),(10566,'BLONP',9,'1997-06-11 22:00:00','1997-07-09 22:00:00','1997-06-17 22:00:00',1,88,'Blondel pu00e8re et fils','24, place Klu00e9ber','Strasbourg',NULL,'67000','France'),(10567,'HUNGO',1,'1997-06-11 22:00:00','1997-07-09 22:00:00','1997-06-16 22:00:00',1,34,'Hungry Owl All-Night Grocers','8 Johnstown Road','Cork','Co. Cork',NULL,'Ireland'),(10568,'GALED',3,'1997-06-12 22:00:00','1997-07-10 22:00:00','1997-07-08 22:00:00',3,7,'Galeru00eda del gastronu00f3mo','Rambla de Cataluu00f1a, 23','Barcelona',NULL,'8022','Spain'),(10569,'RATTC',5,'1997-06-15 22:00:00','1997-07-13 22:00:00','1997-07-10 22:00:00',1,59,'Rattlesnake Canyon Grocery','2817 Milton Dr.','Albuquerque','NM','87110','USA'),(10570,'MEREP',3,'1997-06-16 22:00:00','1997-07-14 22:00:00','1997-06-18 22:00:00',3,189,'Mu00e8re Paillarde','43 rue St. Laurent','Montru00e9al','Quu00e9bec','H1J 1C3','Canada'),(10571,'ERNSH',8,'1997-06-16 22:00:00','1997-07-28 22:00:00','1997-07-03 22:00:00',3,26,'Ernst Handel','Kirchgasse 6','Graz',NULL,'8010','Austria'),(10572,'BERGS',3,'1997-06-17 22:00:00','1997-07-15 22:00:00','1997-06-24 22:00:00',2,116,'Berglunds snabbku00f6p','Berguvsvu00e4gen  8','Luleu00e5',NULL,'S-958 22','Sweden'),(10573,'ANTON',7,'1997-06-18 22:00:00','1997-07-16 22:00:00','1997-06-19 22:00:00',3,85,'Antonio Moreno Taqueru00eda','Mataderos  2312','Mu00e9xico D.F.',NULL,'05023','Mexico'),(10574,'TRAIH',4,'1997-06-18 22:00:00','1997-07-16 22:00:00','1997-06-29 22:00:00',2,38,'Trail\'s Head Gourmet Provisioners','722 DaVinci Blvd.','Kirkland','WA','98034','USA'),(10575,'MORGK',5,'1997-06-19 22:00:00','1997-07-03 22:00:00','1997-06-29 22:00:00',1,127,'Morgenstern Gesundkost','Heerstr. 22','Leipzig',NULL,'04179','Germany'),(10576,'TORTU',3,'1997-06-22 22:00:00','1997-07-06 22:00:00','1997-06-29 22:00:00',3,19,'Tortuga Restaurante','Avda. Azteca 123','Mu00e9xico D.F.',NULL,'05033','Mexico'),(10577,'TRAIH',9,'1997-06-22 22:00:00','1997-08-03 22:00:00','1997-06-29 22:00:00',2,25,'Trail\'s Head Gourmet Provisioners','722 DaVinci Blvd.','Kirkland','WA','98034','USA'),(10578,'BSBEV',4,'1997-06-23 22:00:00','1997-07-21 22:00:00','1997-07-24 22:00:00',3,30,'B\'s Beverages','Fauntleroy Circus','London',NULL,'EC2 5NT','UK'),(10579,'LETSS',1,'1997-06-24 22:00:00','1997-07-22 22:00:00','1997-07-03 22:00:00',2,14,'Let\'s Stop N Shop','87 Polk St. Suite 5','San Francisco','CA','94117','USA'),(10580,'OTTIK',4,'1997-06-25 22:00:00','1997-07-23 22:00:00','1997-06-30 22:00:00',3,76,'Ottilies Ku00e4seladen','Mehrheimerstr. 369','Ku00f6ln',NULL,'50739','Germany'),(10581,'FAMIA',3,'1997-06-25 22:00:00','1997-07-23 22:00:00','1997-07-01 22:00:00',1,3,'Familia Arquibaldo','Rua Oru00f3s, 92','Sao Paulo','SP','05442-030','Brazil'),(10582,'BLAUS',3,'1997-06-26 22:00:00','1997-07-24 22:00:00','1997-07-13 22:00:00',2,28,'Blauer See Delikatessen','Forsterstr. 57','Mannheim',NULL,'68306','Germany'),(10583,'WARTH',2,'1997-06-29 22:00:00','1997-07-27 22:00:00','1997-07-03 22:00:00',2,7,'Wartian Herkku','Torikatu 38','Oulu',NULL,'90110','Finland'),(10584,'BLONP',4,'1997-06-29 22:00:00','1997-07-27 22:00:00','1997-07-03 22:00:00',1,59,'Blondel pu00e8re et fils','24, place Klu00e9ber','Strasbourg',NULL,'67000','France'),(10585,'WELLI',7,'1997-06-30 22:00:00','1997-07-28 22:00:00','1997-07-09 22:00:00',1,13,'Wellington Importadora','Rua do Mercado, 12','Resende','SP','08737-363','Brazil'),(10586,'REGGC',9,'1997-07-01 22:00:00','1997-07-29 22:00:00','1997-07-08 22:00:00',1,0,'Reggiani Caseifici','Strada Provinciale 124','Reggio Emilia',NULL,'42100','Italy'),(10587,'QUEDE',1,'1997-07-01 22:00:00','1997-07-29 22:00:00','1997-07-08 22:00:00',1,63,'Que Delu00edcia','Rua da Panificadora, 12','Rio de Janeiro','RJ','02389-673','Brazil'),(10588,'QUICK',2,'1997-07-02 22:00:00','1997-07-30 22:00:00','1997-07-09 22:00:00',3,195,'QUICK-Stop','Taucherstrau00dfe 10','Cunewalde',NULL,'01307','Germany'),(10589,'GREAL',8,'1997-07-03 22:00:00','1997-07-31 22:00:00','1997-07-13 22:00:00',2,4,'Great Lakes Food Market','2732 Baker Blvd.','Eugene','OR','97403','USA'),(10590,'MEREP',4,'1997-07-06 22:00:00','1997-08-03 22:00:00','1997-07-13 22:00:00',3,45,'Mu00e8re Paillarde','43 rue St. Laurent','Montru00e9al','Quu00e9bec','H1J 1C3','Canada'),(10591,'VAFFE',1,'1997-07-06 22:00:00','1997-07-20 22:00:00','1997-07-15 22:00:00',1,56,'Vaffeljernet','Smagsloget 45','u00c5rhus',NULL,'8200','Denmark'),(10592,'LEHMS',3,'1997-07-07 22:00:00','1997-08-04 22:00:00','1997-07-15 22:00:00',1,32,'Lehmanns Marktstand','Magazinweg 7','Frankfurt a.M.',NULL,'60528','Germany'),(10593,'LEHMS',7,'1997-07-08 22:00:00','1997-08-05 22:00:00','1997-08-12 22:00:00',2,174,'Lehmanns Marktstand','Magazinweg 7','Frankfurt a.M.',NULL,'60528','Germany'),(10594,'OLDWO',3,'1997-07-08 22:00:00','1997-08-05 22:00:00','1997-07-15 22:00:00',2,5,'Old World Delicatessen','2743 Bering St.','Anchorage','AK','99508','USA'),(10595,'ERNSH',2,'1997-07-09 22:00:00','1997-08-06 22:00:00','1997-07-13 22:00:00',1,97,'Ernst Handel','Kirchgasse 6','Graz',NULL,'8010','Austria'),(10596,'WHITC',8,'1997-07-10 22:00:00','1997-08-07 22:00:00','1997-08-11 22:00:00',1,16,'White Clover Markets','1029 - 12th Ave. S.','Seattle','WA','98124','USA'),(10597,'PICCO',7,'1997-07-10 22:00:00','1997-08-07 22:00:00','1997-07-17 22:00:00',3,35,'Piccolo und mehr','Geislweg 14','Salzburg',NULL,'5020','Austria'),(10598,'RATTC',1,'1997-07-13 22:00:00','1997-08-10 22:00:00','1997-07-17 22:00:00',3,44,'Rattlesnake Canyon Grocery','2817 Milton Dr.','Albuquerque','NM','87110','USA'),(10599,'BSBEV',6,'1997-07-14 22:00:00','1997-08-25 22:00:00','1997-07-20 22:00:00',3,30,'B\'s Beverages','Fauntleroy Circus','London',NULL,'EC2 5NT','UK'),(10600,'HUNGC',4,'1997-07-15 22:00:00','1997-08-12 22:00:00','1997-07-20 22:00:00',1,45,'Hungry Coyote Import Store','City Center Plaza 516 Main St.','Elgin','OR','97827','USA'),(10601,'HILAA',7,'1997-07-15 22:00:00','1997-08-26 22:00:00','1997-07-21 22:00:00',1,58,'HILARION-Abastos','Carrera 22 con Ave. Carlos Soublette #8-35','San Cristu00f3bal','Tu00e1chira','5022','Venezuela'),(10602,'VAFFE',8,'1997-07-16 22:00:00','1997-08-13 22:00:00','1997-07-21 22:00:00',2,3,'Vaffeljernet','Smagsloget 45','u00c5rhus',NULL,'8200','Denmark'),(10603,'SAVEA',8,'1997-07-17 22:00:00','1997-08-14 22:00:00','1997-08-07 22:00:00',2,49,'Save-a-lot Markets','187 Suffolk Ln.','Boise','ID','83720','USA'),(10604,'FURIB',1,'1997-07-17 22:00:00','1997-08-14 22:00:00','1997-07-28 22:00:00',1,7,'Furia Bacalhau e Frutos do Mar','Jardim das rosas n. 32','Lisboa',NULL,'1675','Portugal'),(10605,'MEREP',1,'1997-07-20 22:00:00','1997-08-17 22:00:00','1997-07-28 22:00:00',2,379,'Mu00e8re Paillarde','43 rue St. Laurent','Montru00e9al','Quu00e9bec','H1J 1C3','Canada'),(10606,'TRADH',4,'1997-07-21 22:00:00','1997-08-18 22:00:00','1997-07-30 22:00:00',3,79,'Tradiu00e7ao Hipermercados','Av. Inu00eas de Castro, 414','Sao Paulo','SP','05634-030','Brazil'),(10607,'SAVEA',5,'1997-07-21 22:00:00','1997-08-18 22:00:00','1997-07-24 22:00:00',1,200,'Save-a-lot Markets','187 Suffolk Ln.','Boise','ID','83720','USA'),(10608,'TOMSP',4,'1997-07-22 22:00:00','1997-08-19 22:00:00','1997-07-31 22:00:00',2,28,'Toms Spezialitu00e4ten','Luisenstr. 48','Mu00fcnster',NULL,'44087','Germany'),(10609,'DUMON',7,'1997-07-23 22:00:00','1997-08-20 22:00:00','1997-07-29 22:00:00',2,2,'Du monde entier','67, rue des Cinquante Otages','Nantes',NULL,'44000','France'),(10610,'LAMAI',8,'1997-07-24 22:00:00','1997-08-21 22:00:00','1997-08-05 22:00:00',1,27,'La maison d\'Asie','1 rue Alsace-Lorraine','Toulouse',NULL,'31000','France'),(10611,'WOLZA',6,'1997-07-24 22:00:00','1997-08-21 22:00:00','1997-07-31 22:00:00',2,81,'Wolski Zajazd','ul. Filtrowa 68','Warszawa',NULL,'01-012','Poland'),(10612,'SAVEA',1,'1997-07-27 22:00:00','1997-08-24 22:00:00','1997-07-31 22:00:00',2,544,'Save-a-lot Markets','187 Suffolk Ln.','Boise','ID','83720','USA'),(10613,'HILAA',4,'1997-07-28 22:00:00','1997-08-25 22:00:00','1997-07-31 22:00:00',2,8,'HILARION-Abastos','Carrera 22 con Ave. Carlos Soublette #8-35','San Cristu00f3bal','Tu00e1chira','5022','Venezuela'),(10614,'BLAUS',8,'1997-07-28 22:00:00','1997-08-25 22:00:00','1997-07-31 22:00:00',3,2,'Blauer See Delikatessen','Forsterstr. 57','Mannheim',NULL,'68306','Germany'),(10615,'WILMK',2,'1997-07-29 22:00:00','1997-08-26 22:00:00','1997-08-05 22:00:00',3,1,'Wilman Kala','Keskuskatu 45','Helsinki',NULL,'21240','Finland'),(10616,'GREAL',1,'1997-07-30 22:00:00','1997-08-27 22:00:00','1997-08-04 22:00:00',2,117,'Great Lakes Food Market','2732 Baker Blvd.','Eugene','OR','97403','USA'),(10617,'GREAL',4,'1997-07-30 22:00:00','1997-08-27 22:00:00','1997-08-03 22:00:00',2,19,'Great Lakes Food Market','2732 Baker Blvd.','Eugene','OR','97403','USA'),(10618,'MEREP',1,'1997-07-31 22:00:00','1997-09-11 22:00:00','1997-08-07 22:00:00',1,155,'Mu00e8re Paillarde','43 rue St. Laurent','Montru00e9al','Quu00e9bec','H1J 1C3','Canada'),(10619,'MEREP',3,'1997-08-03 22:00:00','1997-08-31 22:00:00','1997-08-06 22:00:00',3,91,'Mu00e8re Paillarde','43 rue St. Laurent','Montru00e9al','Quu00e9bec','H1J 1C3','Canada'),(10620,'LAUGB',2,'1997-08-04 22:00:00','1997-09-01 22:00:00','1997-08-13 22:00:00',3,1,'Laughing Bacchus Wine Cellars','2319 Elm St.','Vancouver','BC','V3F 2K1','Canada'),(10621,'ISLAT',4,'1997-08-04 22:00:00','1997-09-01 22:00:00','1997-08-10 22:00:00',2,24,'Island Trading','Garden House Crowther Way','Cowes','Isle of Wight','PO31 7PJ','UK'),(10622,'RICAR',4,'1997-08-05 22:00:00','1997-09-02 22:00:00','1997-08-10 22:00:00',3,51,'Ricardo Adocicados','Av. Copacabana, 267','Rio de Janeiro','RJ','02389-890','Brazil'),(10623,'FRANK',8,'1997-08-06 22:00:00','1997-09-03 22:00:00','1997-08-11 22:00:00',2,97,'Frankenversand','Berliner Platz 43','Mu00fcnchen',NULL,'80805','Germany'),(10624,'THECR',4,'1997-08-06 22:00:00','1997-09-03 22:00:00','1997-08-18 22:00:00',2,95,'The Cracker Box','55 Grizzly Peak Rd.','Butte','MT','59801','USA'),(10625,'ANATR',3,'1997-08-07 22:00:00','1997-09-04 22:00:00','1997-08-13 22:00:00',1,44,'Ana Trujillo Emparedados y helados','Avda. de la Constituciu00f3n 2222','Mu00e9xico D.F.',NULL,'05021','Mexico'),(10626,'BERGS',1,'1997-08-10 22:00:00','1997-09-07 22:00:00','1997-08-19 22:00:00',2,139,'Berglunds snabbku00f6p','Berguvsvu00e4gen  8','Luleu00e5',NULL,'S-958 22','Sweden'),(10627,'SAVEA',8,'1997-08-10 22:00:00','1997-09-21 22:00:00','1997-08-20 22:00:00',3,107,'Save-a-lot Markets','187 Suffolk Ln.','Boise','ID','83720','USA'),(10628,'BLONP',4,'1997-08-11 22:00:00','1997-09-08 22:00:00','1997-08-19 22:00:00',3,30,'Blondel pu00e8re et fils','24, place Klu00e9ber','Strasbourg',NULL,'67000','France'),(10629,'GODOS',4,'1997-08-11 22:00:00','1997-09-08 22:00:00','1997-08-19 22:00:00',3,85,'Godos Cocina Tu00edpica','C/ Romero, 33','Sevilla',NULL,'41101','Spain'),(10630,'KOENE',1,'1997-08-12 22:00:00','1997-09-09 22:00:00','1997-08-18 22:00:00',2,32,'Ku00f6niglich Essen','Maubelstr. 90','Brandenburg',NULL,'14776','Germany'),(10631,'LAMAI',8,'1997-08-13 22:00:00','1997-09-10 22:00:00','1997-08-14 22:00:00',1,1,'La maison d\'Asie','1 rue Alsace-Lorraine','Toulouse',NULL,'31000','France'),(10632,'WANDK',8,'1997-08-13 22:00:00','1997-09-10 22:00:00','1997-08-18 22:00:00',1,41,'Die Wandernde Kuh','Adenauerallee 900','Stuttgart',NULL,'70563','Germany'),(10633,'ERNSH',7,'1997-08-14 22:00:00','1997-09-11 22:00:00','1997-08-17 22:00:00',3,478,'Ernst Handel','Kirchgasse 6','Graz',NULL,'8010','Austria'),(10634,'FOLIG',4,'1997-08-14 22:00:00','1997-09-11 22:00:00','1997-08-20 22:00:00',3,487,'Folies gourmandes','184, chaussu00e9e de Tournai','Lille',NULL,'59000','France'),(10635,'MAGAA',8,'1997-08-17 22:00:00','1997-09-14 22:00:00','1997-08-20 22:00:00',3,47,'Magazzini Alimentari Riuniti','Via Ludovico il Moro 22','Bergamo',NULL,'24100','Italy'),(10636,'WARTH',4,'1997-08-18 22:00:00','1997-09-15 22:00:00','1997-08-25 22:00:00',1,1,'Wartian Herkku','Torikatu 38','Oulu',NULL,'90110','Finland'),(10637,'QUEEN',6,'1997-08-18 22:00:00','1997-09-15 22:00:00','1997-08-25 22:00:00',1,201,'Queen Cozinha','Alameda dos Canu00e0rios, 891','Sao Paulo','SP','05487-020','Brazil'),(10638,'LINOD',3,'1997-08-19 22:00:00','1997-09-16 22:00:00','1997-08-31 22:00:00',1,158,'LINO-Delicateses','Ave. 5 de Mayo Porlamar','I. de Margarita','Nueva Esparta','4980','Venezuela'),(10639,'SANTG',7,'1997-08-19 22:00:00','1997-09-16 22:00:00','1997-08-26 22:00:00',3,39,'Santu00e9 Gourmet','Erling Skakkes gate 78','Stavern',NULL,'4110','Norway'),(10640,'WANDK',4,'1997-08-20 22:00:00','1997-09-17 22:00:00','1997-08-27 22:00:00',1,24,'Die Wandernde Kuh','Adenauerallee 900','Stuttgart',NULL,'70563','Germany'),(10641,'HILAA',4,'1997-08-21 22:00:00','1997-09-18 22:00:00','1997-08-25 22:00:00',2,180,'HILARION-Abastos','Carrera 22 con Ave. Carlos Soublette #8-35','San Cristu00f3bal','Tu00e1chira','5022','Venezuela'),(10642,'SIMOB',7,'1997-08-21 22:00:00','1997-09-18 22:00:00','1997-09-04 22:00:00',3,42,'Simons bistro','Vinbu00e6ltet 34','Kobenhavn',NULL,'1734','Denmark'),(10643,'ALFKI',6,'1997-08-24 22:00:00','1997-09-21 22:00:00','1997-09-01 22:00:00',1,29,'Alfreds Futterkiste','Obere Str. 57','Berlin',NULL,'12209','Germany'),(10644,'WELLI',3,'1997-08-24 22:00:00','1997-09-21 22:00:00','1997-08-31 22:00:00',2,0,'Wellington Importadora','Rua do Mercado, 12','Resende','SP','08737-363','Brazil'),(10645,'HANAR',4,'1997-08-25 22:00:00','1997-09-22 22:00:00','1997-09-01 22:00:00',1,12,'Hanari Carnes','Rua do Pau00e7o, 67','Rio de Janeiro','RJ','05454-876','Brazil'),(10646,'HUNGO',9,'1997-08-26 22:00:00','1997-10-07 22:00:00','1997-09-02 22:00:00',3,142,'Hungry Owl All-Night Grocers','8 Johnstown Road','Cork','Co. Cork',NULL,'Ireland'),(10647,'QUEDE',4,'1997-08-26 22:00:00','1997-09-09 22:00:00','1997-09-02 22:00:00',2,46,'Que Delu00edcia','Rua da Panificadora, 12','Rio de Janeiro','RJ','02389-673','Brazil'),(10648,'RICAR',5,'1997-08-27 22:00:00','1997-10-08 22:00:00','1997-09-08 22:00:00',2,14,'Ricardo Adocicados','Av. Copacabana, 267','Rio de Janeiro','RJ','02389-890','Brazil'),(10649,'MAISD',5,'1997-08-27 22:00:00','1997-09-24 22:00:00','1997-08-28 22:00:00',3,6,'Maison Dewey','Rue Joseph-Bens 532','Bruxelles',NULL,'B-1180','Belgium'),(10650,'FAMIA',5,'1997-08-28 22:00:00','1997-09-25 22:00:00','1997-09-02 22:00:00',3,177,'Familia Arquibaldo','Rua Oru00f3s, 92','Sao Paulo','SP','05442-030','Brazil'),(10651,'WANDK',8,'1997-08-31 22:00:00','1997-09-28 22:00:00','1997-09-10 22:00:00',2,21,'Die Wandernde Kuh','Adenauerallee 900','Stuttgart',NULL,'70563','Germany'),(10652,'GOURL',4,'1997-08-31 22:00:00','1997-09-28 22:00:00','1997-09-07 22:00:00',2,7,'Gourmet Lanchonetes','Av. Brasil, 442','Campinas','SP','04876-786','Brazil'),(10653,'FRANK',1,'1997-09-01 22:00:00','1997-09-29 22:00:00','1997-09-18 22:00:00',1,93,'Frankenversand','Berliner Platz 43','Mu00fcnchen',NULL,'80805','Germany'),(10654,'BERGS',5,'1997-09-01 22:00:00','1997-09-29 22:00:00','1997-09-10 22:00:00',1,55,'Berglunds snabbku00f6p','Berguvsvu00e4gen  8','Luleu00e5',NULL,'S-958 22','Sweden'),(10655,'REGGC',1,'1997-09-02 22:00:00','1997-09-30 22:00:00','1997-09-10 22:00:00',2,4,'Reggiani Caseifici','Strada Provinciale 124','Reggio Emilia',NULL,'42100','Italy'),(10656,'GREAL',6,'1997-09-03 22:00:00','1997-10-01 22:00:00','1997-09-09 22:00:00',1,57,'Great Lakes Food Market','2732 Baker Blvd.','Eugene','OR','97403','USA'),(10657,'SAVEA',2,'1997-09-03 22:00:00','1997-10-01 22:00:00','1997-09-14 22:00:00',2,353,'Save-a-lot Markets','187 Suffolk Ln.','Boise','ID','83720','USA'),(10658,'QUICK',4,'1997-09-04 22:00:00','1997-10-02 22:00:00','1997-09-07 22:00:00',1,364,'QUICK-Stop','Taucherstrau00dfe 10','Cunewalde',NULL,'01307','Germany'),(10659,'QUEEN',7,'1997-09-04 22:00:00','1997-10-02 22:00:00','1997-09-09 22:00:00',2,106,'Queen Cozinha','Alameda dos Canu00e0rios, 891','Sao Paulo','SP','05487-020','Brazil'),(10660,'HUNGC',8,'1997-09-07 22:00:00','1997-10-05 22:00:00','1997-10-14 22:00:00',1,111,'Hungry Coyote Import Store','City Center Plaza 516 Main St.','Elgin','OR','97827','USA'),(10661,'HUNGO',7,'1997-09-08 22:00:00','1997-10-06 22:00:00','1997-09-14 22:00:00',3,18,'Hungry Owl All-Night Grocers','8 Johnstown Road','Cork','Co. Cork',NULL,'Ireland'),(10662,'LONEP',3,'1997-09-08 22:00:00','1997-10-06 22:00:00','1997-09-17 22:00:00',2,1,'Lonesome Pine Restaurant','89 Chiaroscuro Rd.','Portland','OR','97219','USA'),(10663,'BONAP',2,'1997-09-09 22:00:00','1997-09-23 22:00:00','1997-10-02 22:00:00',2,113,'Bon app\'','12, rue des Bouchers','Marseille',NULL,'13008','France'),(10664,'FURIB',1,'1997-09-09 22:00:00','1997-10-07 22:00:00','1997-09-18 22:00:00',3,1,'Furia Bacalhau e Frutos do Mar','Jardim das rosas n. 32','Lisboa',NULL,'1675','Portugal'),(10665,'LONEP',1,'1997-09-10 22:00:00','1997-10-08 22:00:00','1997-09-16 22:00:00',2,26,'Lonesome Pine Restaurant','89 Chiaroscuro Rd.','Portland','OR','97219','USA'),(10666,'RICSU',7,'1997-09-11 22:00:00','1997-10-09 22:00:00','1997-09-21 22:00:00',2,232,'Richter Supermarkt','Starenweg 5','Genu00e8ve',NULL,'1204','Switzerland'),(10667,'ERNSH',7,'1997-09-11 22:00:00','1997-10-09 22:00:00','1997-09-18 22:00:00',1,78,'Ernst Handel','Kirchgasse 6','Graz',NULL,'8010','Austria'),(10668,'WANDK',1,'1997-09-14 22:00:00','1997-10-12 22:00:00','1997-09-22 22:00:00',2,47,'Die Wandernde Kuh','Adenauerallee 900','Stuttgart',NULL,'70563','Germany'),(10669,'SIMOB',2,'1997-09-14 22:00:00','1997-10-12 22:00:00','1997-09-21 22:00:00',1,24,'Simons bistro','Vinbu00e6ltet 34','Kobenhavn',NULL,'1734','Denmark'),(10670,'FRANK',4,'1997-09-15 22:00:00','1997-10-13 22:00:00','1997-09-17 22:00:00',1,203,'Frankenversand','Berliner Platz 43','Mu00fcnchen',NULL,'80805','Germany'),(10671,'FRANR',1,'1997-09-16 22:00:00','1997-10-14 22:00:00','1997-09-23 22:00:00',1,30,'France restauration','54, rue Royale','Nantes',NULL,'44000','France'),(10672,'BERGS',9,'1997-09-16 22:00:00','1997-09-30 22:00:00','1997-09-25 22:00:00',2,96,'Berglunds snabbku00f6p','Berguvsvu00e4gen  8','Luleu00e5',NULL,'S-958 22','Sweden'),(10673,'WILMK',2,'1997-09-17 22:00:00','1997-10-15 22:00:00','1997-09-18 22:00:00',1,23,'Wilman Kala','Keskuskatu 45','Helsinki',NULL,'21240','Finland'),(10674,'ISLAT',4,'1997-09-17 22:00:00','1997-10-15 22:00:00','1997-09-29 22:00:00',2,1,'Island Trading','Garden House Crowther Way','Cowes','Isle of Wight','PO31 7PJ','UK'),(10675,'FRANK',5,'1997-09-18 22:00:00','1997-10-16 22:00:00','1997-09-22 22:00:00',2,32,'Frankenversand','Berliner Platz 43','Mu00fcnchen',NULL,'80805','Germany'),(10676,'TORTU',2,'1997-09-21 22:00:00','1997-10-19 22:00:00','1997-09-28 22:00:00',2,2,'Tortuga Restaurante','Avda. Azteca 123','Mu00e9xico D.F.',NULL,'05033','Mexico'),(10677,'ANTON',1,'1997-09-21 22:00:00','1997-10-19 22:00:00','1997-09-25 22:00:00',3,4,'Antonio Moreno Taqueru00eda','Mataderos  2312','Mu00e9xico D.F.',NULL,'05023','Mexico'),(10678,'SAVEA',7,'1997-09-22 22:00:00','1997-10-20 22:00:00','1997-10-15 22:00:00',3,389,'Save-a-lot Markets','187 Suffolk Ln.','Boise','ID','83720','USA'),(10679,'BLONP',8,'1997-09-22 22:00:00','1997-10-20 22:00:00','1997-09-29 22:00:00',3,28,'Blondel pu00e8re et fils','24, place Klu00e9ber','Strasbourg',NULL,'67000','France'),(10680,'OLDWO',1,'1997-09-23 22:00:00','1997-10-21 22:00:00','1997-09-25 22:00:00',1,27,'Old World Delicatessen','2743 Bering St.','Anchorage','AK','99508','USA'),(10681,'GREAL',3,'1997-09-24 22:00:00','1997-10-22 22:00:00','1997-09-29 22:00:00',3,76,'Great Lakes Food Market','2732 Baker Blvd.','Eugene','OR','97403','USA'),(10682,'ANTON',3,'1997-09-24 22:00:00','1997-10-22 22:00:00','1997-09-30 22:00:00',2,36,'Antonio Moreno Taqueru00eda','Mataderos  2312','Mu00e9xico D.F.',NULL,'05023','Mexico'),(10683,'DUMON',2,'1997-09-25 22:00:00','1997-10-23 22:00:00','1997-09-30 22:00:00',1,4,'Du monde entier','67, rue des Cinquante Otages','Nantes',NULL,'44000','France'),(10684,'OTTIK',3,'1997-09-25 22:00:00','1997-10-23 22:00:00','1997-09-29 22:00:00',1,146,'Ottilies Ku00e4seladen','Mehrheimerstr. 369','Ku00f6ln',NULL,'50739','Germany'),(10685,'GOURL',4,'1997-09-28 22:00:00','1997-10-12 22:00:00','1997-10-02 22:00:00',2,34,'Gourmet Lanchonetes','Av. Brasil, 442','Campinas','SP','04876-786','Brazil'),(10686,'PICCO',2,'1997-09-29 22:00:00','1997-10-27 23:00:00','1997-10-07 22:00:00',1,97,'Piccolo und mehr','Geislweg 14','Salzburg',NULL,'5020','Austria'),(10687,'HUNGO',9,'1997-09-29 22:00:00','1997-10-27 23:00:00','1997-10-29 23:00:00',2,296,'Hungry Owl All-Night Grocers','8 Johnstown Road','Cork','Co. Cork',NULL,'Ireland'),(10688,'VAFFE',4,'1997-09-30 22:00:00','1997-10-14 22:00:00','1997-10-06 22:00:00',2,299,'Vaffeljernet','Smagsloget 45','u00c5rhus',NULL,'8200','Denmark'),(10689,'BERGS',1,'1997-09-30 22:00:00','1997-10-28 23:00:00','1997-10-06 22:00:00',2,13,'Berglunds snabbku00f6p','Berguvsvu00e4gen  8','Luleu00e5',NULL,'S-958 22','Sweden'),(10690,'HANAR',1,'1997-10-01 22:00:00','1997-10-29 23:00:00','1997-10-02 22:00:00',1,16,'Hanari Carnes','Rua do Pau00e7o, 67','Rio de Janeiro','RJ','05454-876','Brazil'),(10691,'QUICK',2,'1997-10-02 22:00:00','1997-11-13 23:00:00','1997-10-21 22:00:00',2,810,'QUICK-Stop','Taucherstrau00dfe 10','Cunewalde',NULL,'01307','Germany'),(10692,'ALFKI',4,'1997-10-02 22:00:00','1997-10-30 23:00:00','1997-10-12 22:00:00',2,61,'Alfred\'s Futterkiste','Obere Str. 57','Berlin',NULL,'12209','Germany'),(10693,'WHITC',3,'1997-10-05 22:00:00','1997-10-19 22:00:00','1997-10-09 22:00:00',3,139,'White Clover Markets','1029 - 12th Ave. S.','Seattle','WA','98124','USA'),(10694,'QUICK',8,'1997-10-05 22:00:00','1997-11-02 23:00:00','1997-10-08 22:00:00',3,398,'QUICK-Stop','Taucherstrau00dfe 10','Cunewalde',NULL,'01307','Germany'),(10695,'WILMK',7,'1997-10-06 22:00:00','1997-11-17 23:00:00','1997-10-13 22:00:00',1,17,'Wilman Kala','Keskuskatu 45','Helsinki',NULL,'21240','Finland'),(10696,'WHITC',8,'1997-10-07 22:00:00','1997-11-18 23:00:00','1997-10-13 22:00:00',3,103,'White Clover Markets','1029 - 12th Ave. S.','Seattle','WA','98124','USA'),(10697,'LINOD',3,'1997-10-07 22:00:00','1997-11-04 23:00:00','1997-10-13 22:00:00',1,46,'LINO-Delicateses','Ave. 5 de Mayo Porlamar','I. de Margarita','Nueva Esparta','4980','Venezuela'),(10698,'ERNSH',4,'1997-10-08 22:00:00','1997-11-05 23:00:00','1997-10-16 22:00:00',1,272,'Ernst Handel','Kirchgasse 6','Graz',NULL,'8010','Austria'),(10699,'MORGK',3,'1997-10-08 22:00:00','1997-11-05 23:00:00','1997-10-12 22:00:00',3,1,'Morgenstern Gesundkost','Heerstr. 22','Leipzig',NULL,'04179','Germany'),(10700,'SAVEA',3,'1997-10-09 22:00:00','1997-11-06 23:00:00','1997-10-15 22:00:00',1,65,'Save-a-lot Markets','187 Suffolk Ln.','Boise','ID','83720','USA'),(10701,'HUNGO',6,'1997-10-12 22:00:00','1997-10-26 23:00:00','1997-10-14 22:00:00',3,220,'Hungry Owl All-Night Grocers','8 Johnstown Road','Cork','Co. Cork',NULL,'Ireland'),(10702,'ALFKI',4,'1997-10-12 22:00:00','1997-11-23 23:00:00','1997-10-20 22:00:00',1,24,'Alfred\'s Futterkiste','Obere Str. 57','Berlin',NULL,'12209','Germany'),(10703,'FOLKO',6,'1997-10-13 22:00:00','1997-11-10 23:00:00','1997-10-19 22:00:00',2,152,'Folk och fu00e4 HB','u00c5kergatan 24','Bru00e4cke',NULL,'S-844 67','Sweden'),(10704,'QUEEN',6,'1997-10-13 22:00:00','1997-11-10 23:00:00','1997-11-06 23:00:00',1,5,'Queen Cozinha','Alameda dos Canu00e0rios, 891','Sao Paulo','SP','05487-020','Brazil'),(10705,'HILAA',9,'1997-10-14 22:00:00','1997-11-11 23:00:00','1997-11-17 23:00:00',2,4,'HILARION-Abastos','Carrera 22 con Ave. Carlos Soublette #8-35','San Cristu00f3bal','Tu00e1chira','5022','Venezuela'),(10706,'OLDWO',8,'1997-10-15 22:00:00','1997-11-12 23:00:00','1997-10-20 22:00:00',3,136,'Old World Delicatessen','2743 Bering St.','Anchorage','AK','99508','USA'),(10707,'AROUT',4,'1997-10-15 22:00:00','1997-10-29 23:00:00','1997-10-22 22:00:00',3,22,'Around the Horn','Brook Farm Stratford St. Mary','Colchester','Essex','CO7 6JX','UK'),(10708,'THEBI',6,'1997-10-16 22:00:00','1997-11-27 23:00:00','1997-11-04 23:00:00',2,3,'The Big Cheese','89 Jefferson Way Suite 2','Portland','OR','97201','USA'),(10709,'GOURL',1,'1997-10-16 22:00:00','1997-11-13 23:00:00','1997-11-19 23:00:00',3,211,'Gourmet Lanchonetes','Av. Brasil, 442','Campinas','SP','04876-786','Brazil'),(10710,'FRANS',1,'1997-10-19 22:00:00','1997-11-16 23:00:00','1997-10-22 22:00:00',1,5,'Franchi S.p.A.','Via Monte Bianco 34','Torino',NULL,'10100','Italy'),(10711,'SAVEA',5,'1997-10-20 22:00:00','1997-12-01 23:00:00','1997-10-28 23:00:00',2,52,'Save-a-lot Markets','187 Suffolk Ln.','Boise','ID','83720','USA'),(10712,'HUNGO',3,'1997-10-20 22:00:00','1997-11-17 23:00:00','1997-10-30 23:00:00',1,90,'Hungry Owl All-Night Grocers','8 Johnstown Road','Cork','Co. Cork',NULL,'Ireland'),(10713,'SAVEA',1,'1997-10-21 22:00:00','1997-11-18 23:00:00','1997-10-23 22:00:00',1,167,'Save-a-lot Markets','187 Suffolk Ln.','Boise','ID','83720','USA'),(10714,'SAVEA',5,'1997-10-21 22:00:00','1997-11-18 23:00:00','1997-10-26 23:00:00',3,24,'Save-a-lot Markets','187 Suffolk Ln.','Boise','ID','83720','USA'),(10715,'BONAP',3,'1997-10-22 22:00:00','1997-11-05 23:00:00','1997-10-28 23:00:00',1,63,'Bon app\'','12, rue des Bouchers','Marseille',NULL,'13008','France'),(10716,'RANCH',4,'1997-10-23 22:00:00','1997-11-20 23:00:00','1997-10-26 23:00:00',2,23,'Rancho grande','Av. del Libertador 900','Buenos Aires',NULL,'1010','Argentina'),(10717,'FRANK',1,'1997-10-23 22:00:00','1997-11-20 23:00:00','1997-10-28 23:00:00',2,59,'Frankenversand','Berliner Platz 43','Mu00fcnchen',NULL,'80805','Germany'),(10718,'KOENE',1,'1997-10-26 23:00:00','1997-11-23 23:00:00','1997-10-28 23:00:00',3,171,'Ku00f6niglich Essen','Maubelstr. 90','Brandenburg',NULL,'14776','Germany'),(10719,'LETSS',8,'1997-10-26 23:00:00','1997-11-23 23:00:00','1997-11-04 23:00:00',2,51,'Let\'s Stop N Shop','87 Polk St. Suite 5','San Francisco','CA','94117','USA'),(10720,'QUEDE',8,'1997-10-27 23:00:00','1997-11-10 23:00:00','1997-11-04 23:00:00',2,10,'Que Delu00edcia','Rua da Panificadora, 12','Rio de Janeiro','RJ','02389-673','Brazil'),(10721,'QUICK',5,'1997-10-28 23:00:00','1997-11-25 23:00:00','1997-10-30 23:00:00',3,49,'QUICK-Stop','Taucherstrau00dfe 10','Cunewalde',NULL,'01307','Germany'),(10722,'SAVEA',8,'1997-10-28 23:00:00','1997-12-09 23:00:00','1997-11-03 23:00:00',1,75,'Save-a-lot Markets','187 Suffolk Ln.','Boise','ID','83720','USA'),(10723,'WHITC',3,'1997-10-29 23:00:00','1997-11-26 23:00:00','1997-11-24 23:00:00',1,22,'White Clover Markets','1029 - 12th Ave. S.','Seattle','WA','98124','USA'),(10724,'MEREP',8,'1997-10-29 23:00:00','1997-12-10 23:00:00','1997-11-04 23:00:00',2,58,'Mu00e8re Paillarde','43 rue St. Laurent','Montru00e9al','Quu00e9bec','H1J 1C3','Canada'),(10725,'FAMIA',4,'1997-10-30 23:00:00','1997-11-27 23:00:00','1997-11-04 23:00:00',3,11,'Familia Arquibaldo','Rua Oru00f3s, 92','Sao Paulo','SP','05442-030','Brazil'),(10726,'EASTC',4,'1997-11-02 23:00:00','1997-11-16 23:00:00','1997-12-04 23:00:00',1,17,'Eastern Connection','35 King George','London',NULL,'WX3 6FW','UK'),(10727,'REGGC',2,'1997-11-02 23:00:00','1997-11-30 23:00:00','1997-12-04 23:00:00',1,90,'Reggiani Caseifici','Strada Provinciale 124','Reggio Emilia',NULL,'42100','Italy'),(10728,'QUEEN',4,'1997-11-03 23:00:00','1997-12-01 23:00:00','1997-11-10 23:00:00',2,58,'Queen Cozinha','Alameda dos Canu00e0rios, 891','Sao Paulo','SP','05487-020','Brazil'),(10729,'LINOD',8,'1997-11-03 23:00:00','1997-12-15 23:00:00','1997-11-13 23:00:00',3,141,'LINO-Delicateses','Ave. 5 de Mayo Porlamar','I. de Margarita','Nueva Esparta','4980','Venezuela'),(10730,'BONAP',5,'1997-11-04 23:00:00','1997-12-02 23:00:00','1997-11-13 23:00:00',1,20,'Bon app\'','12, rue des Bouchers','Marseille',NULL,'13008','France'),(10731,'CHOPS',7,'1997-11-05 23:00:00','1997-12-03 23:00:00','1997-11-13 23:00:00',1,97,'Chop-suey Chinese','Hauptstr. 31','Bern',NULL,'3012','Switzerland'),(10732,'BONAP',3,'1997-11-05 23:00:00','1997-12-03 23:00:00','1997-11-06 23:00:00',1,17,'Bon app\'','12, rue des Bouchers','Marseille',NULL,'13008','France'),(10733,'BERGS',1,'1997-11-06 23:00:00','1997-12-04 23:00:00','1997-11-09 23:00:00',3,110,'Berglunds snabbku00f6p','Berguvsvu00e4gen  8','Luleu00e5',NULL,'S-958 22','Sweden'),(10734,'GOURL',2,'1997-11-06 23:00:00','1997-12-04 23:00:00','1997-11-11 23:00:00',3,2,'Gourmet Lanchonetes','Av. Brasil, 442','Campinas','SP','04876-786','Brazil'),(10735,'LETSS',6,'1997-11-09 23:00:00','1997-12-07 23:00:00','1997-11-20 23:00:00',2,46,'Let\'s Stop N Shop','87 Polk St. Suite 5','San Francisco','CA','94117','USA'),(10736,'HUNGO',9,'1997-11-10 23:00:00','1997-12-08 23:00:00','1997-11-20 23:00:00',2,44,'Hungry Owl All-Night Grocers','8 Johnstown Road','Cork','Co. Cork',NULL,'Ireland'),(10737,'VINET',2,'1997-11-10 23:00:00','1997-12-08 23:00:00','1997-11-17 23:00:00',2,8,'Vins et alcools Chevalier','59 rue de l\'Abbaye','Reims',NULL,'51100','France'),(10738,'SPECD',2,'1997-11-11 23:00:00','1997-12-09 23:00:00','1997-11-17 23:00:00',1,3,'Spu00e9cialitu00e9s du monde','25, rue Lauriston','Paris',NULL,'75016','France'),(10739,'VINET',3,'1997-11-11 23:00:00','1997-12-09 23:00:00','1997-11-16 23:00:00',3,11,'Vins et alcools Chevalier','59 rue de l\'Abbaye','Reims',NULL,'51100','France'),(10740,'WHITC',4,'1997-11-12 23:00:00','1997-12-10 23:00:00','1997-11-24 23:00:00',2,82,'White Clover Markets','1029 - 12th Ave. S.','Seattle','WA','98124','USA'),(10741,'AROUT',4,'1997-11-13 23:00:00','1997-11-27 23:00:00','1997-11-17 23:00:00',3,11,'Around the Horn','Brook Farm Stratford St. Mary','Colchester','Essex','CO7 6JX','UK'),(10742,'BOTTM',3,'1997-11-13 23:00:00','1997-12-11 23:00:00','1997-11-17 23:00:00',3,244,'Bottom-Dollar Markets','23 Tsawassen Blvd.','Tsawassen','BC','T2F 8M4','Canada'),(10743,'AROUT',1,'1997-11-16 23:00:00','1997-12-14 23:00:00','1997-11-20 23:00:00',2,24,'Around the Horn','Brook Farm Stratford St. Mary','Colchester','Essex','CO7 6JX','UK'),(10744,'VAFFE',6,'1997-11-16 23:00:00','1997-12-14 23:00:00','1997-11-23 23:00:00',1,69,'Vaffeljernet','Smagsloget 45','u00c5rhus',NULL,'8200','Denmark'),(10745,'QUICK',9,'1997-11-17 23:00:00','1997-12-15 23:00:00','1997-11-26 23:00:00',1,4,'QUICK-Stop','Taucherstrau00dfe 10','Cunewalde',NULL,'01307','Germany'),(10746,'CHOPS',1,'1997-11-18 23:00:00','1997-12-16 23:00:00','1997-11-20 23:00:00',3,31,'Chop-suey Chinese','Hauptstr. 31','Bern',NULL,'3012','Switzerland'),(10747,'PICCO',6,'1997-11-18 23:00:00','1997-12-16 23:00:00','1997-11-25 23:00:00',1,117,'Piccolo und mehr','Geislweg 14','Salzburg',NULL,'5020','Austria'),(10748,'SAVEA',3,'1997-11-19 23:00:00','1997-12-17 23:00:00','1997-11-27 23:00:00',1,233,'Save-a-lot Markets','187 Suffolk Ln.','Boise','ID','83720','USA'),(10749,'ISLAT',4,'1997-11-19 23:00:00','1997-12-17 23:00:00','1997-12-18 23:00:00',2,62,'Island Trading','Garden House Crowther Way','Cowes','Isle of Wight','PO31 7PJ','UK'),(10750,'WARTH',9,'1997-11-20 23:00:00','1997-12-18 23:00:00','1997-11-23 23:00:00',1,79,'Wartian Herkku','Torikatu 38','Oulu',NULL,'90110','Finland'),(10751,'RICSU',3,'1997-11-23 23:00:00','1997-12-21 23:00:00','1997-12-02 23:00:00',3,131,'Richter Supermarkt','Starenweg 5','Genu00e8ve',NULL,'1204','Switzerland'),(10752,'NORTS',2,'1997-11-23 23:00:00','1997-12-21 23:00:00','1997-11-27 23:00:00',3,1,'North/South','South House 300 Queensbridge','London',NULL,'SW7 1RZ','UK'),(10753,'FRANS',3,'1997-11-24 23:00:00','1997-12-22 23:00:00','1997-11-26 23:00:00',1,8,'Franchi S.p.A.','Via Monte Bianco 34','Torino',NULL,'10100','Italy'),(10754,'MAGAA',6,'1997-11-24 23:00:00','1997-12-22 23:00:00','1997-11-26 23:00:00',3,2,'Magazzini Alimentari Riuniti','Via Ludovico il Moro 22','Bergamo',NULL,'24100','Italy'),(10755,'BONAP',4,'1997-11-25 23:00:00','1997-12-23 23:00:00','1997-11-27 23:00:00',2,17,'Bon app\'','12, rue des Bouchers','Marseille',NULL,'13008','France'),(10756,'SPLIR',8,'1997-11-26 23:00:00','1997-12-24 23:00:00','1997-12-01 23:00:00',2,73,'Split Rail Beer & Ale','P.O. Box 555','Lander','WY','82520','USA'),(10757,'SAVEA',6,'1997-11-26 23:00:00','1997-12-24 23:00:00','1997-12-14 23:00:00',1,8,'Save-a-lot Markets','187 Suffolk Ln.','Boise','ID','83720','USA'),(10758,'RICSU',3,'1997-11-27 23:00:00','1997-12-25 23:00:00','1997-12-03 23:00:00',3,138,'Richter Supermarkt','Starenweg 5','Genu00e8ve',NULL,'1204','Switzerland'),(10759,'ANATR',3,'1997-11-27 23:00:00','1997-12-25 23:00:00','1997-12-11 23:00:00',3,12,'Ana Trujillo Emparedados y helados','Avda. de la Constituciu00f3n 2222','Mu00e9xico D.F.',NULL,'05021','Mexico'),(10760,'MAISD',4,'1997-11-30 23:00:00','1997-12-28 23:00:00','1997-12-09 23:00:00',1,156,'Maison Dewey','Rue Joseph-Bens 532','Bruxelles',NULL,'B-1180','Belgium'),(10761,'RATTC',5,'1997-12-01 23:00:00','1997-12-29 23:00:00','1997-12-07 23:00:00',2,19,'Rattlesnake Canyon Grocery','2817 Milton Dr.','Albuquerque','NM','87110','USA'),(10762,'FOLKO',3,'1997-12-01 23:00:00','1997-12-29 23:00:00','1997-12-08 23:00:00',1,329,'Folk och fu00e4 HB','u00c5kergatan 24','Bru00e4cke',NULL,'S-844 67','Sweden'),(10763,'FOLIG',3,'1997-12-02 23:00:00','1997-12-30 23:00:00','1997-12-07 23:00:00',3,37,'Folies gourmandes','184, chaussu00e9e de Tournai','Lille',NULL,'59000','France'),(10764,'ERNSH',6,'1997-12-02 23:00:00','1997-12-30 23:00:00','1997-12-07 23:00:00',3,145,'Ernst Handel','Kirchgasse 6','Graz',NULL,'8010','Austria'),(10765,'QUICK',3,'1997-12-03 23:00:00','1997-12-31 23:00:00','1997-12-08 23:00:00',3,43,'QUICK-Stop','Taucherstrau00dfe 10','Cunewalde',NULL,'01307','Germany'),(10766,'OTTIK',4,'1997-12-04 23:00:00','1998-01-01 23:00:00','1997-12-08 23:00:00',1,158,'Ottilies Ku00e4seladen','Mehrheimerstr. 369','Ku00f6ln',NULL,'50739','Germany'),(10767,'SUPRD',4,'1997-12-04 23:00:00','1998-01-01 23:00:00','1997-12-14 23:00:00',3,2,'Supru00eames du00e9lices','Boulevard Tirou, 255','Charleroi',NULL,'B-6000','Belgium'),(10768,'AROUT',3,'1997-12-07 23:00:00','1998-01-04 23:00:00','1997-12-14 23:00:00',2,146,'Around the Horn','Brook Farm Stratford St. Mary','Colchester','Essex','CO7 6JX','UK'),(10769,'VAFFE',3,'1997-12-07 23:00:00','1998-01-04 23:00:00','1997-12-11 23:00:00',1,65,'Vaffeljernet','Smagsloget 45','u00c5rhus',NULL,'8200','Denmark'),(10770,'HANAR',8,'1997-12-08 23:00:00','1998-01-05 23:00:00','1997-12-16 23:00:00',3,5,'Hanari Carnes','Rua do Pau00e7o, 67','Rio de Janeiro','RJ','05454-876','Brazil'),(10771,'ERNSH',9,'1997-12-09 23:00:00','1998-01-06 23:00:00','1998-01-01 23:00:00',2,11,'Ernst Handel','Kirchgasse 6','Graz',NULL,'8010','Austria'),(10772,'LEHMS',3,'1997-12-09 23:00:00','1998-01-06 23:00:00','1997-12-18 23:00:00',2,91,'Lehmanns Marktstand','Magazinweg 7','Frankfurt a.M.',NULL,'60528','Germany'),(10773,'ERNSH',1,'1997-12-10 23:00:00','1998-01-07 23:00:00','1997-12-15 23:00:00',3,96,'Ernst Handel','Kirchgasse 6','Graz',NULL,'8010','Austria'),(10774,'FOLKO',4,'1997-12-10 23:00:00','1997-12-24 23:00:00','1997-12-11 23:00:00',1,48,'Folk och fu00e4 HB','u00c5kergatan 24','Bru00e4cke',NULL,'S-844 67','Sweden'),(10775,'THECR',7,'1997-12-11 23:00:00','1998-01-08 23:00:00','1997-12-25 23:00:00',1,20,'The Cracker Box','55 Grizzly Peak Rd.','Butte','MT','59801','USA'),(10776,'ERNSH',1,'1997-12-14 23:00:00','1998-01-11 23:00:00','1997-12-17 23:00:00',3,352,'Ernst Handel','Kirchgasse 6','Graz',NULL,'8010','Austria'),(10777,'GOURL',7,'1997-12-14 23:00:00','1997-12-28 23:00:00','1998-01-20 23:00:00',2,3,'Gourmet Lanchonetes','Av. Brasil, 442','Campinas','SP','04876-786','Brazil'),(10778,'BERGS',3,'1997-12-15 23:00:00','1998-01-12 23:00:00','1997-12-23 23:00:00',1,7,'Berglunds snabbku00f6p','Berguvsvu00e4gen  8','Luleu00e5',NULL,'S-958 22','Sweden'),(10779,'MORGK',3,'1997-12-15 23:00:00','1998-01-12 23:00:00','1998-01-13 23:00:00',2,58,'Morgenstern Gesundkost','Heerstr. 22','Leipzig',NULL,'04179','Germany'),(10780,'LILAS',2,'1997-12-15 23:00:00','1997-12-29 23:00:00','1997-12-24 23:00:00',1,42,'LILA-Supermercado','Carrera 52 con Ave. Bolu00edvar #65-98 Llano Largo','Barquisimeto','Lara','3508','Venezuela'),(10781,'WARTH',2,'1997-12-16 23:00:00','1998-01-13 23:00:00','1997-12-18 23:00:00',3,73,'Wartian Herkku','Torikatu 38','Oulu',NULL,'90110','Finland'),(10782,'CACTU',9,'1997-12-16 23:00:00','1998-01-13 23:00:00','1997-12-21 23:00:00',3,1,'Cactus Comidas para llevar','Cerrito 333','Buenos Aires',NULL,'1010','Argentina'),(10783,'HANAR',4,'1997-12-17 23:00:00','1998-01-14 23:00:00','1997-12-18 23:00:00',2,125,'Hanari Carnes','Rua do Pau00e7o, 67','Rio de Janeiro','RJ','05454-876','Brazil'),(10784,'MAGAA',4,'1997-12-17 23:00:00','1998-01-14 23:00:00','1997-12-21 23:00:00',3,70,'Magazzini Alimentari Riuniti','Via Ludovico il Moro 22','Bergamo',NULL,'24100','Italy'),(10785,'GROSR',1,'1997-12-17 23:00:00','1998-01-14 23:00:00','1997-12-23 23:00:00',3,2,'GROSELLA-Restaurante','5u00aa Ave. Los Palos Grandes','Caracas','DF','1081','Venezuela'),(10786,'QUEEN',8,'1997-12-18 23:00:00','1998-01-15 23:00:00','1997-12-22 23:00:00',1,111,'Queen Cozinha','Alameda dos Canu00e0rios, 891','Sao Paulo','SP','05487-020','Brazil'),(10787,'LAMAI',2,'1997-12-18 23:00:00','1998-01-01 23:00:00','1997-12-25 23:00:00',1,250,'La maison d\'Asie','1 rue Alsace-Lorraine','Toulouse',NULL,'31000','France'),(10788,'QUICK',1,'1997-12-21 23:00:00','1998-01-18 23:00:00','1998-01-18 23:00:00',2,43,'QUICK-Stop','Taucherstrau00dfe 10','Cunewalde',NULL,'01307','Germany'),(10789,'FOLIG',1,'1997-12-21 23:00:00','1998-01-18 23:00:00','1997-12-30 23:00:00',2,101,'Folies gourmandes','184, chaussu00e9e de Tournai','Lille',NULL,'59000','France'),(10790,'GOURL',6,'1997-12-21 23:00:00','1998-01-18 23:00:00','1997-12-25 23:00:00',1,28,'Gourmet Lanchonetes','Av. Brasil, 442','Campinas','SP','04876-786','Brazil'),(10791,'FRANK',6,'1997-12-22 23:00:00','1998-01-19 23:00:00','1997-12-31 23:00:00',2,17,'Frankenversand','Berliner Platz 43','Mu00fcnchen',NULL,'80805','Germany'),(10792,'WOLZA',1,'1997-12-22 23:00:00','1998-01-19 23:00:00','1997-12-30 23:00:00',3,24,'Wolski Zajazd','ul. Filtrowa 68','Warszawa',NULL,'01-012','Poland'),(10793,'AROUT',3,'1997-12-23 23:00:00','1998-01-20 23:00:00','1998-01-07 23:00:00',3,5,'Around the Horn','Brook Farm Stratford St. Mary','Colchester','Essex','CO7 6JX','UK'),(10794,'QUEDE',6,'1997-12-23 23:00:00','1998-01-20 23:00:00','1998-01-01 23:00:00',1,21,'Que Delu00edcia','Rua da Panificadora, 12','Rio de Janeiro','RJ','02389-673','Brazil'),(10795,'ERNSH',8,'1997-12-23 23:00:00','1998-01-20 23:00:00','1998-01-19 23:00:00',2,127,'Ernst Handel','Kirchgasse 6','Graz',NULL,'8010','Austria'),(10796,'HILAA',3,'1997-12-24 23:00:00','1998-01-21 23:00:00','1998-01-13 23:00:00',1,27,'HILARION-Abastos','Carrera 22 con Ave. Carlos Soublette #8-35','San Cristu00f3bal','Tu00e1chira','5022','Venezuela'),(10797,'DRACD',7,'1997-12-24 23:00:00','1998-01-21 23:00:00','1998-01-04 23:00:00',2,33,'Drachenblut Delikatessen','Walserweg 21','Aachen',NULL,'52066','Germany'),(10798,'ISLAT',2,'1997-12-25 23:00:00','1998-01-22 23:00:00','1998-01-04 23:00:00',1,2,'Island Trading','Garden House Crowther Way','Cowes','Isle of Wight','PO31 7PJ','UK'),(10799,'KOENE',9,'1997-12-25 23:00:00','1998-02-05 23:00:00','1998-01-04 23:00:00',3,31,'Ku00f6niglich Essen','Maubelstr. 90','Brandenburg',NULL,'14776','Germany'),(10800,'SEVES',1,'1997-12-25 23:00:00','1998-01-22 23:00:00','1998-01-04 23:00:00',3,137,'Seven Seas Imports','90 Wadhurst Rd.','London',NULL,'OX15 4NB','UK'),(10801,'BOLID',4,'1997-12-28 23:00:00','1998-01-25 23:00:00','1997-12-30 23:00:00',2,97,'Bu00f3lido Comidas preparadas','C/ Araquil, 67','Madrid',NULL,'28023','Spain'),(10802,'SIMOB',4,'1997-12-28 23:00:00','1998-01-25 23:00:00','1998-01-01 23:00:00',2,257,'Simons bistro','Vinbu00e6ltet 34','Kobenhavn',NULL,'1734','Denmark'),(10803,'WELLI',4,'1997-12-29 23:00:00','1998-01-26 23:00:00','1998-01-05 23:00:00',1,55,'Wellington Importadora','Rua do Mercado, 12','Resende','SP','08737-363','Brazil'),(10804,'SEVES',6,'1997-12-29 23:00:00','1998-01-26 23:00:00','1998-01-06 23:00:00',2,27,'Seven Seas Imports','90 Wadhurst Rd.','London',NULL,'OX15 4NB','UK'),(10805,'THEBI',2,'1997-12-29 23:00:00','1998-01-26 23:00:00','1998-01-08 23:00:00',3,237,'The Big Cheese','89 Jefferson Way Suite 2','Portland','OR','97201','USA'),(10806,'VICTE',3,'1997-12-30 23:00:00','1998-01-27 23:00:00','1998-01-04 23:00:00',2,22,'Victuailles en stock','2, rue du Commerce','Lyon',NULL,'69004','France'),(10807,'FRANS',4,'1997-12-30 23:00:00','1998-01-27 23:00:00','1998-01-29 23:00:00',1,1,'Franchi S.p.A.','Via Monte Bianco 34','Torino',NULL,'10100','Italy'),(10808,'OLDWO',2,'1997-12-31 23:00:00','1998-01-28 23:00:00','1998-01-08 23:00:00',3,46,'Old World Delicatessen','2743 Bering St.','Anchorage','AK','99508','USA'),(10809,'WELLI',7,'1997-12-31 23:00:00','1998-01-28 23:00:00','1998-01-06 23:00:00',1,5,'Wellington Importadora','Rua do Mercado, 12','Resende','SP','08737-363','Brazil'),(10810,'LAUGB',2,'1997-12-31 23:00:00','1998-01-28 23:00:00','1998-01-06 23:00:00',3,4,'Laughing Bacchus Wine Cellars','2319 Elm St.','Vancouver','BC','V3F 2K1','Canada'),(10811,'LINOD',8,'1998-01-01 23:00:00','1998-01-29 23:00:00','1998-01-07 23:00:00',1,31,'LINO-Delicateses','Ave. 5 de Mayo Porlamar','I. de Margarita','Nueva Esparta','4980','Venezuela'),(10812,'REGGC',5,'1998-01-01 23:00:00','1998-01-29 23:00:00','1998-01-11 23:00:00',1,60,'Reggiani Caseifici','Strada Provinciale 124','Reggio Emilia',NULL,'42100','Italy'),(10813,'RICAR',1,'1998-01-04 23:00:00','1998-02-01 23:00:00','1998-01-08 23:00:00',1,47,'Ricardo Adocicados','Av. Copacabana, 267','Rio de Janeiro','RJ','02389-890','Brazil'),(10814,'VICTE',3,'1998-01-04 23:00:00','1998-02-01 23:00:00','1998-01-13 23:00:00',3,131,'Victuailles en stock','2, rue du Commerce','Lyon',NULL,'69004','France'),(10815,'SAVEA',2,'1998-01-04 23:00:00','1998-02-01 23:00:00','1998-01-13 23:00:00',3,15,'Save-a-lot Markets','187 Suffolk Ln.','Boise','ID','83720','USA'),(10816,'GREAL',4,'1998-01-05 23:00:00','1998-02-02 23:00:00','1998-02-03 23:00:00',2,720,'Great Lakes Food Market','2732 Baker Blvd.','Eugene','OR','97403','USA'),(10817,'KOENE',3,'1998-01-05 23:00:00','1998-01-19 23:00:00','1998-01-12 23:00:00',2,306,'Ku00f6niglich Essen','Maubelstr. 90','Brandenburg',NULL,'14776','Germany'),(10818,'MAGAA',7,'1998-01-06 23:00:00','1998-02-03 23:00:00','1998-01-11 23:00:00',3,65,'Magazzini Alimentari Riuniti','Via Ludovico il Moro 22','Bergamo',NULL,'24100','Italy'),(10819,'CACTU',2,'1998-01-06 23:00:00','1998-02-03 23:00:00','1998-01-15 23:00:00',3,20,'Cactus Comidas para llevar','Cerrito 333','Buenos Aires',NULL,'1010','Argentina'),(10820,'RATTC',3,'1998-01-06 23:00:00','1998-02-03 23:00:00','1998-01-12 23:00:00',2,38,'Rattlesnake Canyon Grocery','2817 Milton Dr.','Albuquerque','NM','87110','USA'),(10821,'SPLIR',1,'1998-01-07 23:00:00','1998-02-04 23:00:00','1998-01-14 23:00:00',1,37,'Split Rail Beer & Ale','P.O. Box 555','Lander','WY','82520','USA'),(10822,'TRAIH',6,'1998-01-07 23:00:00','1998-02-04 23:00:00','1998-01-15 23:00:00',3,7,'Trail\'s Head Gourmet Provisioners','722 DaVinci Blvd.','Kirkland','WA','98034','USA'),(10823,'LILAS',5,'1998-01-08 23:00:00','1998-02-05 23:00:00','1998-01-12 23:00:00',2,164,'LILA-Supermercado','Carrera 52 con Ave. Bolu00edvar #65-98 Llano Largo','Barquisimeto','Lara','3508','Venezuela'),(10824,'FOLKO',8,'1998-01-08 23:00:00','1998-02-05 23:00:00','1998-01-29 23:00:00',1,1,'Folk och fu00e4 HB','u00c5kergatan 24','Bru00e4cke',NULL,'S-844 67','Sweden'),(10825,'DRACD',1,'1998-01-08 23:00:00','1998-02-05 23:00:00','1998-01-13 23:00:00',1,79,'Drachenblut Delikatessen','Walserweg 21','Aachen',NULL,'52066','Germany'),(10826,'BLONP',6,'1998-01-11 23:00:00','1998-02-08 23:00:00','1998-02-05 23:00:00',1,7,'Blondel pu00e8re et fils','24, place Klu00e9ber','Strasbourg',NULL,'67000','France'),(10827,'BONAP',1,'1998-01-11 23:00:00','1998-01-25 23:00:00','1998-02-05 23:00:00',2,64,'Bon app\'','12, rue des Bouchers','Marseille',NULL,'13008','France'),(10828,'RANCH',9,'1998-01-12 23:00:00','1998-01-26 23:00:00','1998-02-03 23:00:00',1,91,'Rancho grande','Av. del Libertador 900','Buenos Aires',NULL,'1010','Argentina'),(10829,'ISLAT',9,'1998-01-12 23:00:00','1998-02-09 23:00:00','1998-01-22 23:00:00',1,155,'Island Trading','Garden House Crowther Way','Cowes','Isle of Wight','PO31 7PJ','UK'),(10830,'TRADH',4,'1998-01-12 23:00:00','1998-02-23 23:00:00','1998-01-20 23:00:00',2,82,'Tradiu00e7ao Hipermercados','Av. Inu00eas de Castro, 414','Sao Paulo','SP','05634-030','Brazil'),(10831,'SANTG',3,'1998-01-13 23:00:00','1998-02-10 23:00:00','1998-01-22 23:00:00',2,72,'Santu00e9 Gourmet','Erling Skakkes gate 78','Stavern',NULL,'4110','Norway'),(10832,'LAMAI',2,'1998-01-13 23:00:00','1998-02-10 23:00:00','1998-01-18 23:00:00',2,43,'La maison d\'Asie','1 rue Alsace-Lorraine','Toulouse',NULL,'31000','France'),(10833,'OTTIK',6,'1998-01-14 23:00:00','1998-02-11 23:00:00','1998-01-22 23:00:00',2,71,'Ottilies Ku00e4seladen','Mehrheimerstr. 369','Ku00f6ln',NULL,'50739','Germany'),(10834,'TRADH',1,'1998-01-14 23:00:00','1998-02-11 23:00:00','1998-01-18 23:00:00',3,30,'Tradiu00e7ao Hipermercados','Av. Inu00eas de Castro, 414','Sao Paulo','SP','05634-030','Brazil'),(10835,'ALFKI',1,'1998-01-14 23:00:00','1998-02-11 23:00:00','1998-01-20 23:00:00',3,70,'Alfred\'s Futterkiste','Obere Str. 57','Berlin',NULL,'12209','Germany'),(10836,'ERNSH',7,'1998-01-15 23:00:00','1998-02-12 23:00:00','1998-01-20 23:00:00',1,412,'Ernst Handel','Kirchgasse 6','Graz',NULL,'8010','Austria'),(10837,'BERGS',9,'1998-01-15 23:00:00','1998-02-12 23:00:00','1998-01-22 23:00:00',3,13,'Berglunds snabbku00f6p','Berguvsvu00e4gen  8','Luleu00e5',NULL,'S-958 22','Sweden'),(10838,'LINOD',3,'1998-01-18 23:00:00','1998-02-15 23:00:00','1998-01-22 23:00:00',3,59,'LINO-Delicateses','Ave. 5 de Mayo Porlamar','I. de Margarita','Nueva Esparta','4980','Venezuela'),(10839,'TRADH',3,'1998-01-18 23:00:00','1998-02-15 23:00:00','1998-01-21 23:00:00',3,35,'Tradiu00e7ao Hipermercados','Av. Inu00eas de Castro, 414','Sao Paulo','SP','05634-030','Brazil'),(10840,'LINOD',4,'1998-01-18 23:00:00','1998-03-01 23:00:00','1998-02-15 23:00:00',2,3,'LINO-Delicateses','Ave. 5 de Mayo Porlamar','I. de Margarita','Nueva Esparta','4980','Venezuela'),(10841,'SUPRD',5,'1998-01-19 23:00:00','1998-02-16 23:00:00','1998-01-28 23:00:00',2,424,'Supru00eames du00e9lices','Boulevard Tirou, 255','Charleroi',NULL,'B-6000','Belgium'),(10842,'TORTU',1,'1998-01-19 23:00:00','1998-02-16 23:00:00','1998-01-28 23:00:00',3,54,'Tortuga Restaurante','Avda. Azteca 123','Mu00e9xico D.F.',NULL,'05033','Mexico'),(10843,'VICTE',4,'1998-01-20 23:00:00','1998-02-17 23:00:00','1998-01-25 23:00:00',2,9,'Victuailles en stock','2, rue du Commerce','Lyon',NULL,'69004','France'),(10844,'PICCO',8,'1998-01-20 23:00:00','1998-02-17 23:00:00','1998-01-25 23:00:00',2,25,'Piccolo und mehr','Geislweg 14','Salzburg',NULL,'5020','Austria'),(10845,'QUICK',8,'1998-01-20 23:00:00','1998-02-03 23:00:00','1998-01-29 23:00:00',1,213,'QUICK-Stop','Taucherstrau00dfe 10','Cunewalde',NULL,'01307','Germany'),(10846,'SUPRD',2,'1998-01-21 23:00:00','1998-03-04 23:00:00','1998-01-22 23:00:00',3,56,'Supru00eames du00e9lices','Boulevard Tirou, 255','Charleroi',NULL,'B-6000','Belgium'),(10847,'SAVEA',4,'1998-01-21 23:00:00','1998-02-04 23:00:00','1998-02-09 23:00:00',3,488,'Save-a-lot Markets','187 Suffolk Ln.','Boise','ID','83720','USA'),(10848,'CONSH',7,'1998-01-22 23:00:00','1998-02-19 23:00:00','1998-01-28 23:00:00',2,38,'Consolidated Holdings','Berkeley Gardens 12  Brewery','London',NULL,'WX1 6LT','UK'),(10849,'KOENE',9,'1998-01-22 23:00:00','1998-02-19 23:00:00','1998-01-29 23:00:00',2,1,'Ku00f6niglich Essen','Maubelstr. 90','Brandenburg',NULL,'14776','Germany'),(10850,'VICTE',1,'1998-01-22 23:00:00','1998-03-05 23:00:00','1998-01-29 23:00:00',1,49,'Victuailles en stock','2, rue du Commerce','Lyon',NULL,'69004','France'),(10851,'RICAR',5,'1998-01-25 23:00:00','1998-02-22 23:00:00','1998-02-01 23:00:00',1,161,'Ricardo Adocicados','Av. Copacabana, 267','Rio de Janeiro','RJ','02389-890','Brazil'),(10852,'RATTC',8,'1998-01-25 23:00:00','1998-02-08 23:00:00','1998-01-29 23:00:00',1,174,'Rattlesnake Canyon Grocery','2817 Milton Dr.','Albuquerque','NM','87110','USA'),(10853,'BLAUS',9,'1998-01-26 23:00:00','1998-02-23 23:00:00','1998-02-02 23:00:00',2,54,'Blauer See Delikatessen','Forsterstr. 57','Mannheim',NULL,'68306','Germany'),(10854,'ERNSH',3,'1998-01-26 23:00:00','1998-02-23 23:00:00','1998-02-04 23:00:00',2,100,'Ernst Handel','Kirchgasse 6','Graz',NULL,'8010','Austria'),(10855,'OLDWO',3,'1998-01-26 23:00:00','1998-02-23 23:00:00','1998-02-03 23:00:00',1,171,'Old World Delicatessen','2743 Bering St.','Anchorage','AK','99508','USA'),(10856,'ANTON',3,'1998-01-27 23:00:00','1998-02-24 23:00:00','1998-02-09 23:00:00',2,58,'Antonio Moreno Taqueru00eda','Mataderos  2312','Mu00e9xico D.F.',NULL,'05023','Mexico'),(10857,'BERGS',8,'1998-01-27 23:00:00','1998-02-24 23:00:00','1998-02-05 23:00:00',2,189,'Berglunds snabbku00f6p','Berguvsvu00e4gen  8','Luleu00e5',NULL,'S-958 22','Sweden'),(10858,'LACOR',2,'1998-01-28 23:00:00','1998-02-25 23:00:00','1998-02-02 23:00:00',1,53,'La corne d\'abondance','67, avenue de l\'Europe','Versailles',NULL,'78000','France'),(10859,'FRANK',1,'1998-01-28 23:00:00','1998-02-25 23:00:00','1998-02-01 23:00:00',2,76,'Frankenversand','Berliner Platz 43','Mu00fcnchen',NULL,'80805','Germany'),(10860,'FRANR',3,'1998-01-28 23:00:00','1998-02-25 23:00:00','1998-02-03 23:00:00',3,19,'France restauration','54, rue Royale','Nantes',NULL,'44000','France'),(10861,'WHITC',4,'1998-01-29 23:00:00','1998-02-26 23:00:00','1998-02-16 23:00:00',2,15,'White Clover Markets','1029 - 12th Ave. S.','Seattle','WA','98124','USA'),(10862,'LEHMS',8,'1998-01-29 23:00:00','1998-03-12 23:00:00','1998-02-01 23:00:00',2,53,'Lehmanns Marktstand','Magazinweg 7','Frankfurt a.M.',NULL,'60528','Germany'),(10863,'HILAA',4,'1998-02-01 23:00:00','1998-03-01 23:00:00','1998-02-16 23:00:00',2,30,'HILARION-Abastos','Carrera 22 con Ave. Carlos Soublette #8-35','San Cristu00f3bal','Tu00e1chira','5022','Venezuela'),(10864,'AROUT',4,'1998-02-01 23:00:00','1998-03-01 23:00:00','1998-02-08 23:00:00',2,3,'Around the Horn','Brook Farm Stratford St. Mary','Colchester','Essex','CO7 6JX','UK'),(10865,'QUICK',2,'1998-02-01 23:00:00','1998-02-15 23:00:00','1998-02-11 23:00:00',1,348,'QUICK-Stop','Taucherstrau00dfe 10','Cunewalde',NULL,'01307','Germany'),(10866,'BERGS',5,'1998-02-02 23:00:00','1998-03-02 23:00:00','1998-02-11 23:00:00',1,109,'Berglunds snabbku00f6p','Berguvsvu00e4gen  8','Luleu00e5',NULL,'S-958 22','Sweden'),(10867,'LONEP',6,'1998-02-02 23:00:00','1998-03-16 23:00:00','1998-02-10 23:00:00',1,2,'Lonesome Pine Restaurant','89 Chiaroscuro Rd.','Portland','OR','97219','USA'),(10868,'QUEEN',7,'1998-02-03 23:00:00','1998-03-03 23:00:00','1998-02-22 23:00:00',2,191,'Queen Cozinha','Alameda dos Canu00e0rios, 891','Sao Paulo','SP','05487-020','Brazil'),(10869,'SEVES',5,'1998-02-03 23:00:00','1998-03-03 23:00:00','1998-02-08 23:00:00',1,143,'Seven Seas Imports','90 Wadhurst Rd.','London',NULL,'OX15 4NB','UK'),(10870,'WOLZA',5,'1998-02-03 23:00:00','1998-03-03 23:00:00','1998-02-12 23:00:00',3,12,'Wolski Zajazd','ul. Filtrowa 68','Warszawa',NULL,'01-012','Poland'),(10871,'BONAP',9,'1998-02-04 23:00:00','1998-03-04 23:00:00','1998-02-09 23:00:00',2,112,'Bon app\'','12, rue des Bouchers','Marseille',NULL,'13008','France'),(10872,'GODOS',5,'1998-02-04 23:00:00','1998-03-04 23:00:00','1998-02-08 23:00:00',2,175,'Godos Cocina Tu00edpica','C/ Romero, 33','Sevilla',NULL,'41101','Spain'),(10873,'WILMK',4,'1998-02-05 23:00:00','1998-03-05 23:00:00','1998-02-08 23:00:00',1,1,'Wilman Kala','Keskuskatu 45','Helsinki',NULL,'21240','Finland'),(10874,'GODOS',5,'1998-02-05 23:00:00','1998-03-05 23:00:00','1998-02-10 23:00:00',2,20,'Godos Cocina Tu00edpica','C/ Romero, 33','Sevilla',NULL,'41101','Spain'),(10875,'BERGS',4,'1998-02-05 23:00:00','1998-03-05 23:00:00','1998-03-02 23:00:00',2,32,'Berglunds snabbku00f6p','Berguvsvu00e4gen  8','Luleu00e5',NULL,'S-958 22','Sweden'),(10876,'BONAP',7,'1998-02-08 23:00:00','1998-03-08 23:00:00','1998-02-11 23:00:00',3,60,'Bon app\'','12, rue des Bouchers','Marseille',NULL,'13008','France'),(10877,'RICAR',1,'1998-02-08 23:00:00','1998-03-08 23:00:00','1998-02-18 23:00:00',1,38,'Ricardo Adocicados','Av. Copacabana, 267','Rio de Janeiro','RJ','02389-890','Brazil'),(10878,'QUICK',4,'1998-02-09 23:00:00','1998-03-09 23:00:00','1998-02-11 23:00:00',1,47,'QUICK-Stop','Taucherstrau00dfe 10','Cunewalde',NULL,'01307','Germany'),(10879,'WILMK',3,'1998-02-09 23:00:00','1998-03-09 23:00:00','1998-02-11 23:00:00',3,9,'Wilman Kala','Keskuskatu 45','Helsinki',NULL,'21240','Finland'),(10880,'FOLKO',7,'1998-02-09 23:00:00','1998-03-23 23:00:00','1998-02-17 23:00:00',1,88,'Folk och fu00e4 HB','u00c5kergatan 24','Bru00e4cke',NULL,'S-844 67','Sweden'),(10881,'CACTU',4,'1998-02-10 23:00:00','1998-03-10 23:00:00','1998-02-17 23:00:00',1,3,'Cactus Comidas para llevar','Cerrito 333','Buenos Aires',NULL,'1010','Argentina'),(10882,'SAVEA',4,'1998-02-10 23:00:00','1998-03-10 23:00:00','1998-02-19 23:00:00',3,23,'Save-a-lot Markets','187 Suffolk Ln.','Boise','ID','83720','USA'),(10883,'LONEP',8,'1998-02-11 23:00:00','1998-03-11 23:00:00','1998-02-19 23:00:00',3,1,'Lonesome Pine Restaurant','89 Chiaroscuro Rd.','Portland','OR','97219','USA'),(10884,'LETSS',4,'1998-02-11 23:00:00','1998-03-11 23:00:00','1998-02-12 23:00:00',2,91,'Let\'s Stop N Shop','87 Polk St. Suite 5','San Francisco','CA','94117','USA'),(10885,'SUPRD',6,'1998-02-11 23:00:00','1998-03-11 23:00:00','1998-02-17 23:00:00',3,6,'Supru00eames du00e9lices','Boulevard Tirou, 255','Charleroi',NULL,'B-6000','Belgium'),(10886,'HANAR',1,'1998-02-12 23:00:00','1998-03-12 23:00:00','1998-03-01 23:00:00',1,5,'Hanari Carnes','Rua do Pau00e7o, 67','Rio de Janeiro','RJ','05454-876','Brazil'),(10887,'GALED',8,'1998-02-12 23:00:00','1998-03-12 23:00:00','1998-02-15 23:00:00',3,1,'Galeru00eda del gastronu00f3mo','Rambla de Cataluu00f1a, 23','Barcelona',NULL,'8022','Spain'),(10888,'GODOS',1,'1998-02-15 23:00:00','1998-03-15 23:00:00','1998-02-22 23:00:00',2,52,'Godos Cocina Tu00edpica','C/ Romero, 33','Sevilla',NULL,'41101','Spain'),(10889,'RATTC',9,'1998-02-15 23:00:00','1998-03-15 23:00:00','1998-02-22 23:00:00',3,281,'Rattlesnake Canyon Grocery','2817 Milton Dr.','Albuquerque','NM','87110','USA'),(10890,'DUMON',7,'1998-02-15 23:00:00','1998-03-15 23:00:00','1998-02-17 23:00:00',1,33,'Du monde entier','67, rue des Cinquante Otages','Nantes',NULL,'44000','France'),(10891,'LEHMS',7,'1998-02-16 23:00:00','1998-03-16 23:00:00','1998-02-18 23:00:00',2,20,'Lehmanns Marktstand','Magazinweg 7','Frankfurt a.M.',NULL,'60528','Germany'),(10892,'MAISD',4,'1998-02-16 23:00:00','1998-03-16 23:00:00','1998-02-18 23:00:00',2,120,'Maison Dewey','Rue Joseph-Bens 532','Bruxelles',NULL,'B-1180','Belgium'),(10893,'KOENE',9,'1998-02-17 23:00:00','1998-03-17 23:00:00','1998-02-19 23:00:00',2,78,'Ku00f6niglich Essen','Maubelstr. 90','Brandenburg',NULL,'14776','Germany'),(10894,'SAVEA',1,'1998-02-17 23:00:00','1998-03-17 23:00:00','1998-02-19 23:00:00',1,116,'Save-a-lot Markets','187 Suffolk Ln.','Boise','ID','83720','USA'),(10895,'ERNSH',3,'1998-02-17 23:00:00','1998-03-17 23:00:00','1998-02-22 23:00:00',1,163,'Ernst Handel','Kirchgasse 6','Graz',NULL,'8010','Austria'),(10896,'MAISD',7,'1998-02-18 23:00:00','1998-03-18 23:00:00','1998-02-26 23:00:00',3,32,'Maison Dewey','Rue Joseph-Bens 532','Bruxelles',NULL,'B-1180','Belgium'),(10897,'HUNGO',3,'1998-02-18 23:00:00','1998-03-18 23:00:00','1998-02-24 23:00:00',2,604,'Hungry Owl All-Night Grocers','8 Johnstown Road','Cork','Co. Cork',NULL,'Ireland'),(10898,'OCEAN',4,'1998-02-19 23:00:00','1998-03-19 23:00:00','1998-03-05 23:00:00',2,1,'Ocu00e9ano Atlu00e1ntico Ltda.','Ing. Gustavo Moncada 8585 Piso 20-A','Buenos Aires',NULL,'1010','Argentina'),(10899,'LILAS',5,'1998-02-19 23:00:00','1998-03-19 23:00:00','1998-02-25 23:00:00',3,1,'LILA-Supermercado','Carrera 52 con Ave. Bolu00edvar #65-98 Llano Largo','Barquisimeto','Lara','3508','Venezuela'),(10900,'WELLI',1,'1998-02-19 23:00:00','1998-03-19 23:00:00','1998-03-03 23:00:00',2,2,'Wellington Importadora','Rua do Mercado, 12','Resende','SP','08737-363','Brazil'),(10901,'HILAA',4,'1998-02-22 23:00:00','1998-03-22 23:00:00','1998-02-25 23:00:00',1,62,'HILARION-Abastos','Carrera 22 con Ave. Carlos Soublette #8-35','San Cristu00f3bal','Tu00e1chira','5022','Venezuela'),(10902,'FOLKO',1,'1998-02-22 23:00:00','1998-03-22 23:00:00','1998-03-02 23:00:00',1,44,'Folk och fu00e4 HB','u00c5kergatan 24','Bru00e4cke',NULL,'S-844 67','Sweden'),(10903,'HANAR',3,'1998-02-23 23:00:00','1998-03-23 23:00:00','1998-03-03 23:00:00',3,37,'Hanari Carnes','Rua do Pau00e7o, 67','Rio de Janeiro','RJ','05454-876','Brazil'),(10904,'WHITC',3,'1998-02-23 23:00:00','1998-03-23 23:00:00','1998-02-26 23:00:00',3,163,'White Clover Markets','1029 - 12th Ave. S.','Seattle','WA','98124','USA'),(10905,'WELLI',9,'1998-02-23 23:00:00','1998-03-23 23:00:00','1998-03-05 23:00:00',2,14,'Wellington Importadora','Rua do Mercado, 12','Resende','SP','08737-363','Brazil'),(10906,'WOLZA',4,'1998-02-24 23:00:00','1998-03-10 23:00:00','1998-03-02 23:00:00',3,26,'Wolski Zajazd','ul. Filtrowa 68','Warszawa',NULL,'01-012','Poland'),(10907,'SPECD',6,'1998-02-24 23:00:00','1998-03-24 23:00:00','1998-02-26 23:00:00',3,9,'Spu00e9cialitu00e9s du monde','25, rue Lauriston','Paris',NULL,'75016','France'),(10908,'REGGC',4,'1998-02-25 23:00:00','1998-03-25 23:00:00','1998-03-05 23:00:00',2,33,'Reggiani Caseifici','Strada Provinciale 124','Reggio Emilia',NULL,'42100','Italy'),(10909,'SANTG',1,'1998-02-25 23:00:00','1998-03-25 23:00:00','1998-03-09 23:00:00',2,53,'Santu00e9 Gourmet','Erling Skakkes gate 78','Stavern',NULL,'4110','Norway'),(10910,'WILMK',1,'1998-02-25 23:00:00','1998-03-25 23:00:00','1998-03-03 23:00:00',3,38,'Wilman Kala','Keskuskatu 45','Helsinki',NULL,'21240','Finland'),(10911,'GODOS',3,'1998-02-25 23:00:00','1998-03-25 23:00:00','1998-03-04 23:00:00',1,38,'Godos Cocina Tu00edpica','C/ Romero, 33','Sevilla',NULL,'41101','Spain'),(10912,'HUNGO',2,'1998-02-25 23:00:00','1998-03-25 23:00:00','1998-03-17 23:00:00',2,581,'Hungry Owl All-Night Grocers','8 Johnstown Road','Cork','Co. Cork',NULL,'Ireland'),(10913,'QUEEN',4,'1998-02-25 23:00:00','1998-03-25 23:00:00','1998-03-03 23:00:00',1,33,'Queen Cozinha','Alameda dos Canu00e0rios, 891','Sao Paulo','SP','05487-020','Brazil'),(10914,'QUEEN',6,'1998-02-26 23:00:00','1998-03-26 23:00:00','1998-03-01 23:00:00',1,21,'Queen Cozinha','Alameda dos Canu00e0rios, 891','Sao Paulo','SP','05487-020','Brazil'),(10915,'TORTU',2,'1998-02-26 23:00:00','1998-03-26 23:00:00','1998-03-01 23:00:00',2,4,'Tortuga Restaurante','Avda. Azteca 123','Mu00e9xico D.F.',NULL,'05033','Mexico'),(10916,'RANCH',1,'1998-02-26 23:00:00','1998-03-26 23:00:00','1998-03-08 23:00:00',2,64,'Rancho grande','Av. del Libertador 900','Buenos Aires',NULL,'1010','Argentina'),(10917,'ROMEY',4,'1998-03-01 23:00:00','1998-03-29 22:00:00','1998-03-10 23:00:00',2,8,'Romero y tomillo','Gran Vu00eda, 1','Madrid',NULL,'28001','Spain'),(10918,'BOTTM',3,'1998-03-01 23:00:00','1998-03-29 22:00:00','1998-03-10 23:00:00',3,49,'Bottom-Dollar Markets','23 Tsawassen Blvd.','Tsawassen','BC','T2F 8M4','Canada'),(10919,'LINOD',2,'1998-03-01 23:00:00','1998-03-29 22:00:00','1998-03-03 23:00:00',2,20,'LINO-Delicateses','Ave. 5 de Mayo Porlamar','I. de Margarita','Nueva Esparta','4980','Venezuela'),(10920,'AROUT',4,'1998-03-02 23:00:00','1998-03-30 22:00:00','1998-03-08 23:00:00',2,30,'Around the Horn','Brook Farm Stratford St. Mary','Colchester','Essex','CO7 6JX','UK'),(10921,'VAFFE',1,'1998-03-02 23:00:00','1998-04-13 22:00:00','1998-03-08 23:00:00',1,176,'Vaffeljernet','Smagsloget 45','u00c5rhus',NULL,'8200','Denmark'),(10922,'HANAR',5,'1998-03-02 23:00:00','1998-03-30 22:00:00','1998-03-04 23:00:00',3,63,'Hanari Carnes','Rua do Pau00e7o, 67','Rio de Janeiro','RJ','05454-876','Brazil'),(10923,'LAMAI',7,'1998-03-02 23:00:00','1998-04-13 22:00:00','1998-03-12 23:00:00',3,68,'La maison d\'Asie','1 rue Alsace-Lorraine','Toulouse',NULL,'31000','France'),(10924,'BERGS',3,'1998-03-03 23:00:00','1998-03-31 22:00:00','1998-04-07 22:00:00',2,152,'Berglunds snabbku00f6p','Berguvsvu00e4gen  8','Luleu00e5',NULL,'S-958 22','Sweden'),(10925,'HANAR',3,'1998-03-03 23:00:00','1998-03-31 22:00:00','1998-03-12 23:00:00',1,2,'Hanari Carnes','Rua do Pau00e7o, 67','Rio de Janeiro','RJ','05454-876','Brazil'),(10926,'ANATR',4,'1998-03-03 23:00:00','1998-03-31 22:00:00','1998-03-10 23:00:00',3,40,'Ana Trujillo Emparedados y helados','Avda. de la Constituciu00f3n 2222','Mu00e9xico D.F.',NULL,'05021','Mexico'),(10927,'LACOR',4,'1998-03-04 23:00:00','1998-04-01 22:00:00','1998-04-07 22:00:00',1,20,'La corne d\'abondance','67, avenue de l\'Europe','Versailles',NULL,'78000','France'),(10928,'GALED',1,'1998-03-04 23:00:00','1998-04-01 22:00:00','1998-03-17 23:00:00',1,1,'Galeru00eda del gastronu00f3mo','Rambla de Cataluu00f1a, 23','Barcelona',NULL,'8022','Spain'),(10929,'FRANK',6,'1998-03-04 23:00:00','1998-04-01 22:00:00','1998-03-11 23:00:00',1,34,'Frankenversand','Berliner Platz 43','Mu00fcnchen',NULL,'80805','Germany'),(10930,'SUPRD',4,'1998-03-05 23:00:00','1998-04-16 22:00:00','1998-03-17 23:00:00',3,16,'Supru00eames du00e9lices','Boulevard Tirou, 255','Charleroi',NULL,'B-6000','Belgium'),(10931,'RICSU',4,'1998-03-05 23:00:00','1998-03-19 23:00:00','1998-03-18 23:00:00',2,14,'Richter Supermarkt','Starenweg 5','Genu00e8ve',NULL,'1204','Switzerland'),(10932,'BONAP',8,'1998-03-05 23:00:00','1998-04-02 22:00:00','1998-03-23 23:00:00',1,135,'Bon app\'','12, rue des Bouchers','Marseille',NULL,'13008','France'),(10933,'ISLAT',6,'1998-03-05 23:00:00','1998-04-02 22:00:00','1998-03-15 23:00:00',3,54,'Island Trading','Garden House Crowther Way','Cowes','Isle of Wight','PO31 7PJ','UK'),(10934,'LEHMS',3,'1998-03-08 23:00:00','1998-04-05 22:00:00','1998-03-11 23:00:00',3,32,'Lehmanns Marktstand','Magazinweg 7','Frankfurt a.M.',NULL,'60528','Germany'),(10935,'WELLI',4,'1998-03-08 23:00:00','1998-04-05 22:00:00','1998-03-17 23:00:00',3,48,'Wellington Importadora','Rua do Mercado, 12','Resende','SP','08737-363','Brazil'),(10936,'GREAL',3,'1998-03-08 23:00:00','1998-04-05 22:00:00','1998-03-17 23:00:00',2,34,'Great Lakes Food Market','2732 Baker Blvd.','Eugene','OR','97403','USA'),(10937,'CACTU',7,'1998-03-09 23:00:00','1998-03-23 23:00:00','1998-03-12 23:00:00',3,32,'Cactus Comidas para llevar','Cerrito 333','Buenos Aires',NULL,'1010','Argentina'),(10938,'QUICK',3,'1998-03-09 23:00:00','1998-04-06 22:00:00','1998-03-15 23:00:00',2,32,'QUICK-Stop','Taucherstrau00dfe 10','Cunewalde',NULL,'01307','Germany'),(10939,'MAGAA',2,'1998-03-09 23:00:00','1998-04-06 22:00:00','1998-03-12 23:00:00',2,76,'Magazzini Alimentari Riuniti','Via Ludovico il Moro 22','Bergamo',NULL,'24100','Italy'),(10940,'BONAP',8,'1998-03-10 23:00:00','1998-04-07 22:00:00','1998-03-22 23:00:00',3,20,'Bon app\'','12, rue des Bouchers','Marseille',NULL,'13008','France'),(10941,'SAVEA',7,'1998-03-10 23:00:00','1998-04-07 22:00:00','1998-03-19 23:00:00',2,401,'Save-a-lot Markets','187 Suffolk Ln.','Boise','ID','83720','USA'),(10942,'REGGC',9,'1998-03-10 23:00:00','1998-04-07 22:00:00','1998-03-17 23:00:00',3,18,'Reggiani Caseifici','Strada Provinciale 124','Reggio Emilia',NULL,'42100','Italy'),(10943,'BSBEV',4,'1998-03-10 23:00:00','1998-04-07 22:00:00','1998-03-18 23:00:00',2,2,'B\'s Beverages','Fauntleroy Circus','London',NULL,'EC2 5NT','UK'),(10944,'BOTTM',6,'1998-03-11 23:00:00','1998-03-25 23:00:00','1998-03-12 23:00:00',3,53,'Bottom-Dollar Markets','23 Tsawassen Blvd.','Tsawassen','BC','T2F 8M4','Canada'),(10945,'MORGK',4,'1998-03-11 23:00:00','1998-04-08 22:00:00','1998-03-17 23:00:00',1,10,'Morgenstern Gesundkost','Heerstr. 22','Leipzig',NULL,'04179','Germany'),(10946,'VAFFE',1,'1998-03-11 23:00:00','1998-04-08 22:00:00','1998-03-18 23:00:00',2,27,'Vaffeljernet','Smagsloget 45','u00c5rhus',NULL,'8200','Denmark'),(10947,'BSBEV',3,'1998-03-12 23:00:00','1998-04-09 22:00:00','1998-03-15 23:00:00',2,3,'B\'s Beverages','Fauntleroy Circus','London',NULL,'EC2 5NT','UK'),(10948,'GODOS',3,'1998-03-12 23:00:00','1998-04-09 22:00:00','1998-03-18 23:00:00',3,23,'Godos Cocina Tu00edpica','C/ Romero, 33','Sevilla',NULL,'41101','Spain'),(10949,'BOTTM',2,'1998-03-12 23:00:00','1998-04-09 22:00:00','1998-03-16 23:00:00',3,74,'Bottom-Dollar Markets','23 Tsawassen Blvd.','Tsawassen','BC','T2F 8M4','Canada'),(10950,'MAGAA',1,'1998-03-15 23:00:00','1998-04-12 22:00:00','1998-03-22 23:00:00',2,3,'Magazzini Alimentari Riuniti','Via Ludovico il Moro 22','Bergamo',NULL,'24100','Italy'),(10951,'RICSU',9,'1998-03-15 23:00:00','1998-04-26 22:00:00','1998-04-06 22:00:00',2,31,'Richter Supermarkt','Starenweg 5','Genu00e8ve',NULL,'1204','Switzerland'),(10952,'ALFKI',1,'1998-03-15 23:00:00','1998-04-26 22:00:00','1998-03-23 23:00:00',1,40,'Alfred\'s Futterkiste','Obere Str. 57','Berlin',NULL,'12209','Germany'),(10953,'AROUT',9,'1998-03-15 23:00:00','1998-03-29 22:00:00','1998-03-24 23:00:00',2,24,'Around the Horn','Brook Farm Stratford St. Mary','Colchester','Essex','CO7 6JX','UK'),(10954,'LINOD',5,'1998-03-16 23:00:00','1998-04-27 22:00:00','1998-03-19 23:00:00',1,28,'LINO-Delicateses','Ave. 5 de Mayo Porlamar','I. de Margarita','Nueva Esparta','4980','Venezuela'),(10955,'FOLKO',8,'1998-03-16 23:00:00','1998-04-13 22:00:00','1998-03-19 23:00:00',2,3,'Folk och fu00e4 HB','u00c5kergatan 24','Bru00e4cke',NULL,'S-844 67','Sweden'),(10956,'BLAUS',6,'1998-03-16 23:00:00','1998-04-27 22:00:00','1998-03-19 23:00:00',2,45,'Blauer See Delikatessen','Forsterstr. 57','Mannheim',NULL,'68306','Germany'),(10957,'HILAA',8,'1998-03-17 23:00:00','1998-04-14 22:00:00','1998-03-26 23:00:00',3,105,'HILARION-Abastos','Carrera 22 con Ave. Carlos Soublette #8-35','San Cristu00f3bal','Tu00e1chira','5022','Venezuela'),(10958,'OCEAN',7,'1998-03-17 23:00:00','1998-04-14 22:00:00','1998-03-26 23:00:00',2,50,'Ocu00e9ano Atlu00e1ntico Ltda.','Ing. Gustavo Moncada 8585 Piso 20-A','Buenos Aires',NULL,'1010','Argentina'),(10959,'GOURL',6,'1998-03-17 23:00:00','1998-04-28 22:00:00','1998-03-22 23:00:00',2,5,'Gourmet Lanchonetes','Av. Brasil, 442','Campinas','SP','04876-786','Brazil'),(10960,'HILAA',3,'1998-03-18 23:00:00','1998-04-01 22:00:00','1998-04-07 22:00:00',1,2,'HILARION-Abastos','Carrera 22 con Ave. Carlos Soublette #8-35','San Cristu00f3bal','Tu00e1chira','5022','Venezuela'),(10961,'QUEEN',8,'1998-03-18 23:00:00','1998-04-15 22:00:00','1998-03-29 22:00:00',1,104,'Queen Cozinha','Alameda dos Canu00e0rios, 891','Sao Paulo','SP','05487-020','Brazil'),(10962,'QUICK',8,'1998-03-18 23:00:00','1998-04-15 22:00:00','1998-03-22 23:00:00',2,276,'QUICK-Stop','Taucherstrau00dfe 10','Cunewalde',NULL,'01307','Germany'),(10963,'FURIB',9,'1998-03-18 23:00:00','1998-04-15 22:00:00','1998-03-25 23:00:00',3,3,'Furia Bacalhau e Frutos do Mar','Jardim das rosas n. 32','Lisboa',NULL,'1675','Portugal'),(10964,'SPECD',3,'1998-03-19 23:00:00','1998-04-16 22:00:00','1998-03-23 23:00:00',2,87,'Spu00e9cialitu00e9s du monde','25, rue Lauriston','Paris',NULL,'75016','France'),(10965,'OLDWO',6,'1998-03-19 23:00:00','1998-04-16 22:00:00','1998-03-29 22:00:00',3,144,'Old World Delicatessen','2743 Bering St.','Anchorage','AK','99508','USA'),(10966,'CHOPS',4,'1998-03-19 23:00:00','1998-04-16 22:00:00','1998-04-07 22:00:00',1,27,'Chop-suey Chinese','Hauptstr. 31','Bern',NULL,'3012','Switzerland'),(10967,'TOMSP',2,'1998-03-22 23:00:00','1998-04-19 22:00:00','1998-04-01 22:00:00',2,62,'Toms Spezialitu00e4ten','Luisenstr. 48','Mu00fcnster',NULL,'44087','Germany'),(10968,'ERNSH',1,'1998-03-22 23:00:00','1998-04-19 22:00:00','1998-03-31 22:00:00',3,75,'Ernst Handel','Kirchgasse 6','Graz',NULL,'8010','Austria'),(10969,'COMMI',1,'1998-03-22 23:00:00','1998-04-19 22:00:00','1998-03-29 22:00:00',2,0,'Comu00e9rcio Mineiro','Av. dos Lusu00edadas, 23','Sao Paulo','SP','05432-043','Brazil'),(10970,'BOLID',9,'1998-03-23 23:00:00','1998-04-06 22:00:00','1998-04-23 22:00:00',1,16,'Bu00f3lido Comidas preparadas','C/ Araquil, 67','Madrid',NULL,'28023','Spain'),(10971,'FRANR',2,'1998-03-23 23:00:00','1998-04-20 22:00:00','1998-04-01 22:00:00',2,122,'France restauration','54, rue Royale','Nantes',NULL,'44000','France'),(10972,'LACOR',4,'1998-03-23 23:00:00','1998-04-20 22:00:00','1998-03-25 23:00:00',2,0,'La corne d\'abondance','67, avenue de l\'Europe','Versailles',NULL,'78000','France'),(10973,'LACOR',6,'1998-03-23 23:00:00','1998-04-20 22:00:00','1998-03-26 23:00:00',2,15,'La corne d\'abondance','67, avenue de l\'Europe','Versailles',NULL,'78000','France'),(10974,'SPLIR',3,'1998-03-24 23:00:00','1998-04-07 22:00:00','1998-04-02 22:00:00',3,13,'Split Rail Beer & Ale','P.O. Box 555','Lander','WY','82520','USA'),(10975,'BOTTM',1,'1998-03-24 23:00:00','1998-04-21 22:00:00','1998-03-26 23:00:00',3,32,'Bottom-Dollar Markets','23 Tsawassen Blvd.','Tsawassen','BC','T2F 8M4','Canada'),(10976,'HILAA',1,'1998-03-24 23:00:00','1998-05-05 22:00:00','1998-04-02 22:00:00',1,38,'HILARION-Abastos','Carrera 22 con Ave. Carlos Soublette #8-35','San Cristu00f3bal','Tu00e1chira','5022','Venezuela'),(10977,'FOLKO',8,'1998-03-25 23:00:00','1998-04-22 22:00:00','1998-04-09 22:00:00',3,209,'Folk och fu00e4 HB','u00c5kergatan 24','Bru00e4cke',NULL,'S-844 67','Sweden'),(10978,'MAISD',9,'1998-03-25 23:00:00','1998-04-22 22:00:00','1998-04-22 22:00:00',2,33,'Maison Dewey','Rue Joseph-Bens 532','Bruxelles',NULL,'B-1180','Belgium'),(10979,'ERNSH',8,'1998-03-25 23:00:00','1998-04-22 22:00:00','1998-03-30 22:00:00',2,353,'Ernst Handel','Kirchgasse 6','Graz',NULL,'8010','Austria'),(10980,'FOLKO',4,'1998-03-26 23:00:00','1998-05-07 22:00:00','1998-04-16 22:00:00',1,1,'Folk och fu00e4 HB','u00c5kergatan 24','Bru00e4cke',NULL,'S-844 67','Sweden'),(10981,'HANAR',1,'1998-03-26 23:00:00','1998-04-23 22:00:00','1998-04-01 22:00:00',2,193,'Hanari Carnes','Rua do Pau00e7o, 67','Rio de Janeiro','RJ','05454-876','Brazil'),(10982,'BOTTM',2,'1998-03-26 23:00:00','1998-04-23 22:00:00','1998-04-07 22:00:00',1,14,'Bottom-Dollar Markets','23 Tsawassen Blvd.','Tsawassen','BC','T2F 8M4','Canada'),(10983,'SAVEA',2,'1998-03-26 23:00:00','1998-04-23 22:00:00','1998-04-05 22:00:00',2,658,'Save-a-lot Markets','187 Suffolk Ln.','Boise','ID','83720','USA'),(10984,'SAVEA',1,'1998-03-29 22:00:00','1998-04-26 22:00:00','1998-04-02 22:00:00',3,211,'Save-a-lot Markets','187 Suffolk Ln.','Boise','ID','83720','USA'),(10985,'HUNGO',2,'1998-03-29 22:00:00','1998-04-26 22:00:00','1998-04-01 22:00:00',1,92,'Hungry Owl All-Night Grocers','8 Johnstown Road','Cork','Co. Cork',NULL,'Ireland'),(10986,'OCEAN',8,'1998-03-29 22:00:00','1998-04-26 22:00:00','1998-04-20 22:00:00',2,218,'Ocu00e9ano Atlu00e1ntico Ltda.','Ing. Gustavo Moncada 8585 Piso 20-A','Buenos Aires',NULL,'1010','Argentina'),(10987,'EASTC',8,'1998-03-30 22:00:00','1998-04-27 22:00:00','1998-04-05 22:00:00',1,185,'Eastern Connection','35 King George','London',NULL,'WX3 6FW','UK'),(10988,'RATTC',3,'1998-03-30 22:00:00','1998-04-27 22:00:00','1998-04-09 22:00:00',2,61,'Rattlesnake Canyon Grocery','2817 Milton Dr.','Albuquerque','NM','87110','USA'),(10989,'QUEDE',2,'1998-03-30 22:00:00','1998-04-27 22:00:00','1998-04-01 22:00:00',1,35,'Que Delu00edcia','Rua da Panificadora, 12','Rio de Janeiro','RJ','02389-673','Brazil'),(10990,'ERNSH',2,'1998-03-31 22:00:00','1998-05-12 22:00:00','1998-04-06 22:00:00',3,118,'Ernst Handel','Kirchgasse 6','Graz',NULL,'8010','Austria'),(10991,'QUICK',1,'1998-03-31 22:00:00','1998-04-28 22:00:00','1998-04-06 22:00:00',1,39,'QUICK-Stop','Taucherstrau00dfe 10','Cunewalde',NULL,'01307','Germany'),(10992,'THEBI',1,'1998-03-31 22:00:00','1998-04-28 22:00:00','1998-04-02 22:00:00',3,4,'The Big Cheese','89 Jefferson Way Suite 2','Portland','OR','97201','USA'),(10993,'FOLKO',7,'1998-03-31 22:00:00','1998-04-28 22:00:00','1998-04-09 22:00:00',3,9,'Folk och fu00e4 HB','u00c5kergatan 24','Bru00e4cke',NULL,'S-844 67','Sweden'),(10994,'VAFFE',2,'1998-04-01 22:00:00','1998-04-15 22:00:00','1998-04-08 22:00:00',3,66,'Vaffeljernet','Smagsloget 45','u00c5rhus',NULL,'8200','Denmark'),(10995,'PERIC',1,'1998-04-01 22:00:00','1998-04-29 22:00:00','1998-04-05 22:00:00',3,46,'Pericles Comidas clu00e1sicas','Calle Dr. Jorge Cash 321','Mu00e9xico D.F.',NULL,'05033','Mexico'),(10996,'QUICK',4,'1998-04-01 22:00:00','1998-04-29 22:00:00','1998-04-09 22:00:00',2,1,'QUICK-Stop','Taucherstrau00dfe 10','Cunewalde',NULL,'01307','Germany'),(10997,'LILAS',8,'1998-04-02 22:00:00','1998-05-14 22:00:00','1998-04-12 22:00:00',2,74,'LILA-Supermercado','Carrera 52 con Ave. Bolu00edvar #65-98 Llano Largo','Barquisimeto','Lara','3508','Venezuela'),(10998,'WOLZA',8,'1998-04-02 22:00:00','1998-04-16 22:00:00','1998-04-16 22:00:00',2,20,'Wolski Zajazd','ul. Filtrowa 68','Warszawa',NULL,'01-012','Poland'),(10999,'OTTIK',6,'1998-04-02 22:00:00','1998-04-30 22:00:00','1998-04-09 22:00:00',2,96,'Ottilies Ku00e4seladen','Mehrheimerstr. 369','Ku00f6ln',NULL,'50739','Germany'),(11000,'RATTC',2,'1998-04-05 22:00:00','1998-05-03 22:00:00','1998-04-13 22:00:00',3,55,'Rattlesnake Canyon Grocery','2817 Milton Dr.','Albuquerque','NM','87110','USA'),(11001,'FOLKO',2,'1998-04-05 22:00:00','1998-05-03 22:00:00','1998-04-13 22:00:00',2,197,'Folk och fu00e4 HB','u00c5kergatan 24','Bru00e4cke',NULL,'S-844 67','Sweden'),(11002,'SAVEA',4,'1998-04-05 22:00:00','1998-05-03 22:00:00','1998-04-15 22:00:00',1,141,'Save-a-lot Markets','187 Suffolk Ln.','Boise','ID','83720','USA'),(11003,'THECR',3,'1998-04-05 22:00:00','1998-05-03 22:00:00','1998-04-07 22:00:00',3,15,'The Cracker Box','55 Grizzly Peak Rd.','Butte','MT','59801','USA'),(11004,'MAISD',3,'1998-04-06 22:00:00','1998-05-04 22:00:00','1998-04-19 22:00:00',1,45,'Maison Dewey','Rue Joseph-Bens 532','Bruxelles',NULL,'B-1180','Belgium'),(11005,'WILMK',2,'1998-04-06 22:00:00','1998-05-04 22:00:00','1998-04-09 22:00:00',1,1,'Wilman Kala','Keskuskatu 45','Helsinki',NULL,'21240','Finland'),(11006,'GREAL',3,'1998-04-06 22:00:00','1998-05-04 22:00:00','1998-04-14 22:00:00',2,25,'Great Lakes Food Market','2732 Baker Blvd.','Eugene','OR','97403','USA'),(11007,'PRINI',8,'1998-04-07 22:00:00','1998-05-05 22:00:00','1998-04-12 22:00:00',2,202,'Princesa Isabel Vinhos','Estrada da sau00fade n. 58','Lisboa',NULL,'1756','Portugal'),(11008,'ERNSH',7,'1998-04-07 22:00:00','1998-05-05 22:00:00',NULL,3,79,'Ernst Handel','Kirchgasse 6','Graz',NULL,'8010','Austria'),(11009,'GODOS',2,'1998-04-07 22:00:00','1998-05-05 22:00:00','1998-04-09 22:00:00',1,59,'Godos Cocina Tu00edpica','C/ Romero, 33','Sevilla',NULL,'41101','Spain'),(11010,'REGGC',2,'1998-04-08 22:00:00','1998-05-06 22:00:00','1998-04-20 22:00:00',2,29,'Reggiani Caseifici','Strada Provinciale 124','Reggio Emilia',NULL,'42100','Italy'),(11011,'ALFKI',3,'1998-04-08 22:00:00','1998-05-06 22:00:00','1998-04-12 22:00:00',1,1,'Alfred\'s Futterkiste','Obere Str. 57','Berlin',NULL,'12209','Germany'),(11012,'FRANK',1,'1998-04-08 22:00:00','1998-04-22 22:00:00','1998-04-16 22:00:00',3,243,'Frankenversand','Berliner Platz 43','Mu00fcnchen',NULL,'80805','Germany'),(11013,'ROMEY',2,'1998-04-08 22:00:00','1998-05-06 22:00:00','1998-04-09 22:00:00',1,33,'Romero y tomillo','Gran Vu00eda, 1','Madrid',NULL,'28001','Spain'),(11014,'LINOD',2,'1998-04-09 22:00:00','1998-05-07 22:00:00','1998-04-14 22:00:00',3,24,'LINO-Delicateses','Ave. 5 de Mayo Porlamar','I. de Margarita','Nueva Esparta','4980','Venezuela'),(11015,'SANTG',2,'1998-04-09 22:00:00','1998-04-23 22:00:00','1998-04-19 22:00:00',2,5,'Santu00e9 Gourmet','Erling Skakkes gate 78','Stavern',NULL,'4110','Norway'),(11016,'AROUT',9,'1998-04-09 22:00:00','1998-05-07 22:00:00','1998-04-12 22:00:00',2,34,'Around the Horn','Brook Farm Stratford St. Mary','Colchester','Essex','CO7 6JX','UK'),(11017,'ERNSH',9,'1998-04-12 22:00:00','1998-05-10 22:00:00','1998-04-19 22:00:00',2,754,'Ernst Handel','Kirchgasse 6','Graz',NULL,'8010','Austria'),(11018,'LONEP',4,'1998-04-12 22:00:00','1998-05-10 22:00:00','1998-04-15 22:00:00',2,12,'Lonesome Pine Restaurant','89 Chiaroscuro Rd.','Portland','OR','97219','USA'),(11019,'RANCH',6,'1998-04-12 22:00:00','1998-05-10 22:00:00',NULL,3,3,'Rancho grande','Av. del Libertador 900','Buenos Aires',NULL,'1010','Argentina'),(11020,'OTTIK',2,'1998-04-13 22:00:00','1998-05-11 22:00:00','1998-04-15 22:00:00',2,43,'Ottilies Ku00e4seladen','Mehrheimerstr. 369','Ku00f6ln',NULL,'50739','Germany'),(11021,'QUICK',3,'1998-04-13 22:00:00','1998-05-11 22:00:00','1998-04-20 22:00:00',1,297,'QUICK-Stop','Taucherstrau00dfe 10','Cunewalde',NULL,'01307','Germany'),(11022,'HANAR',9,'1998-04-13 22:00:00','1998-05-11 22:00:00','1998-05-03 22:00:00',2,6,'Hanari Carnes','Rua do Pau00e7o, 67','Rio de Janeiro','RJ','05454-876','Brazil'),(11023,'BSBEV',1,'1998-04-13 22:00:00','1998-04-27 22:00:00','1998-04-23 22:00:00',2,124,'B\'s Beverages','Fauntleroy Circus','London',NULL,'EC2 5NT','UK'),(11024,'EASTC',4,'1998-04-14 22:00:00','1998-05-12 22:00:00','1998-04-19 22:00:00',1,74,'Eastern Connection','35 King George','London',NULL,'WX3 6FW','UK'),(11025,'WARTH',6,'1998-04-14 22:00:00','1998-05-12 22:00:00','1998-04-23 22:00:00',3,29,'Wartian Herkku','Torikatu 38','Oulu',NULL,'90110','Finland'),(11026,'FRANS',4,'1998-04-14 22:00:00','1998-05-12 22:00:00','1998-04-27 22:00:00',1,47,'Franchi S.p.A.','Via Monte Bianco 34','Torino',NULL,'10100','Italy'),(11027,'BOTTM',1,'1998-04-15 22:00:00','1998-05-13 22:00:00','1998-04-19 22:00:00',1,53,'Bottom-Dollar Markets','23 Tsawassen Blvd.','Tsawassen','BC','T2F 8M4','Canada'),(11028,'KOENE',2,'1998-04-15 22:00:00','1998-05-13 22:00:00','1998-04-21 22:00:00',1,30,'Ku00f6niglich Essen','Maubelstr. 90','Brandenburg',NULL,'14776','Germany'),(11029,'CHOPS',4,'1998-04-15 22:00:00','1998-05-13 22:00:00','1998-04-26 22:00:00',1,48,'Chop-suey Chinese','Hauptstr. 31','Bern',NULL,'3012','Switzerland'),(11030,'SAVEA',7,'1998-04-16 22:00:00','1998-05-14 22:00:00','1998-04-26 22:00:00',2,831,'Save-a-lot Markets','187 Suffolk Ln.','Boise','ID','83720','USA'),(11031,'SAVEA',6,'1998-04-16 22:00:00','1998-05-14 22:00:00','1998-04-23 22:00:00',2,227,'Save-a-lot Markets','187 Suffolk Ln.','Boise','ID','83720','USA'),(11032,'WHITC',2,'1998-04-16 22:00:00','1998-05-14 22:00:00','1998-04-22 22:00:00',3,606,'White Clover Markets','1029 - 12th Ave. S.','Seattle','WA','98124','USA'),(11033,'RICSU',7,'1998-04-16 22:00:00','1998-05-14 22:00:00','1998-04-22 22:00:00',3,85,'Richter Supermarkt','Starenweg 5','Genu00e8ve',NULL,'1204','Switzerland'),(11034,'OLDWO',8,'1998-04-19 22:00:00','1998-05-31 22:00:00','1998-04-26 22:00:00',1,40,'Old World Delicatessen','2743 Bering St.','Anchorage','AK','99508','USA'),(11035,'SUPRD',2,'1998-04-19 22:00:00','1998-05-17 22:00:00','1998-04-23 22:00:00',2,0,'Supru00eames du00e9lices','Boulevard Tirou, 255','Charleroi',NULL,'B-6000','Belgium'),(11036,'DRACD',8,'1998-04-19 22:00:00','1998-05-17 22:00:00','1998-04-21 22:00:00',3,149,'Drachenblut Delikatessen','Walserweg 21','Aachen',NULL,'52066','Germany'),(11037,'GODOS',7,'1998-04-20 22:00:00','1998-05-18 22:00:00','1998-04-26 22:00:00',1,3,'Godos Cocina Tu00edpica','C/ Romero, 33','Sevilla',NULL,'41101','Spain'),(11038,'SUPRD',1,'1998-04-20 22:00:00','1998-05-18 22:00:00','1998-04-29 22:00:00',2,30,'Supru00eames du00e9lices','Boulevard Tirou, 255','Charleroi',NULL,'B-6000','Belgium'),(11039,'LINOD',1,'1998-04-20 22:00:00','1998-05-18 22:00:00',NULL,2,65,'LINO-Delicateses','Ave. 5 de Mayo Porlamar','I. de Margarita','Nueva Esparta','4980','Venezuela'),(11040,'GREAL',4,'1998-04-21 22:00:00','1998-05-19 22:00:00',NULL,3,19,'Great Lakes Food Market','2732 Baker Blvd.','Eugene','OR','97403','USA'),(11041,'CHOPS',3,'1998-04-21 22:00:00','1998-05-19 22:00:00','1998-04-27 22:00:00',2,48,'Chop-suey Chinese','Hauptstr. 31','Bern',NULL,'3012','Switzerland'),(11042,'COMMI',2,'1998-04-21 22:00:00','1998-05-05 22:00:00','1998-04-30 22:00:00',1,30,'Comu00e9rcio Mineiro','Av. dos Lusu00edadas, 23','Sao Paulo','SP','05432-043','Brazil'),(11043,'SPECD',5,'1998-04-21 22:00:00','1998-05-19 22:00:00','1998-04-28 22:00:00',2,9,'Spu00e9cialitu00e9s du monde','25, rue Lauriston','Paris',NULL,'75016','France'),(11044,'WOLZA',4,'1998-04-22 22:00:00','1998-05-20 22:00:00','1998-04-30 22:00:00',1,9,'Wolski Zajazd','ul. Filtrowa 68','Warszawa',NULL,'01-012','Poland'),(11045,'BOTTM',6,'1998-04-22 22:00:00','1998-05-20 22:00:00',NULL,2,71,'Bottom-Dollar Markets','23 Tsawassen Blvd.','Tsawassen','BC','T2F 8M4','Canada'),(11046,'WANDK',8,'1998-04-22 22:00:00','1998-05-20 22:00:00','1998-04-23 22:00:00',2,72,'Die Wandernde Kuh','Adenauerallee 900','Stuttgart',NULL,'70563','Germany'),(11047,'EASTC',7,'1998-04-23 22:00:00','1998-05-21 22:00:00','1998-04-30 22:00:00',3,47,'Eastern Connection','35 King George','London',NULL,'WX3 6FW','UK'),(11048,'BOTTM',7,'1998-04-23 22:00:00','1998-05-21 22:00:00','1998-04-29 22:00:00',3,24,'Bottom-Dollar Markets','23 Tsawassen Blvd.','Tsawassen','BC','T2F 8M4','Canada'),(11049,'GOURL',3,'1998-04-23 22:00:00','1998-05-21 22:00:00','1998-05-03 22:00:00',1,8,'Gourmet Lanchonetes','Av. Brasil, 442','Campinas','SP','04876-786','Brazil'),(11050,'FOLKO',8,'1998-04-26 22:00:00','1998-05-24 22:00:00','1998-05-04 22:00:00',2,59,'Folk och fu00e4 HB','u00c5kergatan 24','Bru00e4cke',NULL,'S-844 67','Sweden'),(11051,'LAMAI',7,'1998-04-26 22:00:00','1998-05-24 22:00:00',NULL,3,3,'La maison d\'Asie','1 rue Alsace-Lorraine','Toulouse',NULL,'31000','France'),(11052,'HANAR',3,'1998-04-26 22:00:00','1998-05-24 22:00:00','1998-04-30 22:00:00',1,67,'Hanari Carnes','Rua do Pau00e7o, 67','Rio de Janeiro','RJ','05454-876','Brazil'),(11053,'PICCO',2,'1998-04-26 22:00:00','1998-05-24 22:00:00','1998-04-28 22:00:00',2,53,'Piccolo und mehr','Geislweg 14','Salzburg',NULL,'5020','Austria'),(11054,'CACTU',8,'1998-04-27 22:00:00','1998-05-25 22:00:00',NULL,1,0,'Cactus Comidas para llevar','Cerrito 333','Buenos Aires',NULL,'1010','Argentina'),(11055,'HILAA',7,'1998-04-27 22:00:00','1998-05-25 22:00:00','1998-05-04 22:00:00',2,121,'HILARION-Abastos','Carrera 22 con Ave. Carlos Soublette #8-35','San Cristu00f3bal','Tu00e1chira','5022','Venezuela'),(11056,'EASTC',8,'1998-04-27 22:00:00','1998-05-11 22:00:00','1998-04-30 22:00:00',2,279,'Eastern Connection','35 King George','London',NULL,'WX3 6FW','UK'),(11057,'NORTS',3,'1998-04-28 22:00:00','1998-05-26 22:00:00','1998-04-30 22:00:00',3,4,'North/South','South House 300 Queensbridge','London',NULL,'SW7 1RZ','UK'),(11058,'BLAUS',9,'1998-04-28 22:00:00','1998-05-26 22:00:00',NULL,3,31,'Blauer See Delikatessen','Forsterstr. 57','Mannheim',NULL,'68306','Germany'),(11059,'RICAR',2,'1998-04-28 22:00:00','1998-06-09 22:00:00',NULL,2,86,'Ricardo Adocicados','Av. Copacabana, 267','Rio de Janeiro','RJ','02389-890','Brazil'),(11060,'FRANS',2,'1998-04-29 22:00:00','1998-05-27 22:00:00','1998-05-03 22:00:00',2,11,'Franchi S.p.A.','Via Monte Bianco 34','Torino',NULL,'10100','Italy'),(11061,'GREAL',4,'1998-04-29 22:00:00','1998-06-10 22:00:00',NULL,3,14,'Great Lakes Food Market','2732 Baker Blvd.','Eugene','OR','97403','USA'),(11062,'REGGC',4,'1998-04-29 22:00:00','1998-05-27 22:00:00',NULL,2,30,'Reggiani Caseifici','Strada Provinciale 124','Reggio Emilia',NULL,'42100','Italy'),(11063,'HUNGO',3,'1998-04-29 22:00:00','1998-05-27 22:00:00','1998-05-05 22:00:00',2,82,'Hungry Owl All-Night Grocers','8 Johnstown Road','Cork','Co. Cork',NULL,'Ireland'),(11064,'SAVEA',1,'1998-04-30 22:00:00','1998-05-28 22:00:00','1998-05-03 22:00:00',1,30,'Save-a-lot Markets','187 Suffolk Ln.','Boise','ID','83720','USA'),(11065,'LILAS',8,'1998-04-30 22:00:00','1998-05-28 22:00:00',NULL,1,13,'LILA-Supermercado','Carrera 52 con Ave. Bolu00edvar #65-98 Llano Largo','Barquisimeto','Lara','3508','Venezuela'),(11066,'WHITC',7,'1998-04-30 22:00:00','1998-05-28 22:00:00','1998-05-03 22:00:00',2,45,'White Clover Markets','1029 - 12th Ave. S.','Seattle','WA','98124','USA'),(11067,'DRACD',1,'1998-05-03 22:00:00','1998-05-17 22:00:00','1998-05-05 22:00:00',2,8,'Drachenblut Delikatessen','Walserweg 21','Aachen',NULL,'52066','Germany'),(11068,'QUEEN',8,'1998-05-03 22:00:00','1998-05-31 22:00:00',NULL,2,82,'Queen Cozinha','Alameda dos Canu00e0rios, 891','Sao Paulo','SP','05487-020','Brazil'),(11069,'TORTU',1,'1998-05-03 22:00:00','1998-05-31 22:00:00','1998-05-05 22:00:00',2,16,'Tortuga Restaurante','Avda. Azteca 123','Mu00e9xico D.F.',NULL,'05033','Mexico'),(11070,'LEHMS',2,'1998-05-04 22:00:00','1998-06-01 22:00:00',NULL,1,136,'Lehmanns Marktstand','Magazinweg 7','Frankfurt a.M.',NULL,'60528','Germany'),(11071,'LILAS',1,'1998-05-04 22:00:00','1998-06-01 22:00:00',NULL,1,1,'LILA-Supermercado','Carrera 52 con Ave. Bolu00edvar #65-98 Llano Largo','Barquisimeto','Lara','3508','Venezuela'),(11072,'ERNSH',4,'1998-05-04 22:00:00','1998-06-01 22:00:00',NULL,2,259,'Ernst Handel','Kirchgasse 6','Graz',NULL,'8010','Austria'),(11073,'PERIC',2,'1998-05-04 22:00:00','1998-06-01 22:00:00',NULL,2,25,'Pericles Comidas clu00e1sicas','Calle Dr. Jorge Cash 321','Mu00e9xico D.F.',NULL,'05033','Mexico'),(11074,'SIMOB',7,'1998-05-05 22:00:00','1998-06-02 22:00:00',NULL,2,18,'Simons bistro','Vinbu00e6ltet 34','Kobenhavn',NULL,'1734','Denmark'),(11075,'RICSU',8,'1998-05-05 22:00:00','1998-06-02 22:00:00',NULL,2,6,'Richter Supermarkt','Starenweg 5','Genu00e8ve',NULL,'1204','Switzerland'),(11076,'BONAP',4,'1998-05-05 22:00:00','1998-06-02 22:00:00',NULL,2,38,'Bon app\'','12, rue des Bouchers','Marseille',NULL,'13008','France'),(11077,'RATTC',1,'1998-05-05 22:00:00','1998-06-02 22:00:00',NULL,2,9,'Rattlesnake Canyon Grocery','2817 Milton Dr.','Albuquerque','NM','87110','USA');
/*!40000 ALTER TABLE `orders` ENABLE KEYS */;
UNLOCK TABLES;

--
-- Table structure for table `positions`
--

DROP TABLE IF EXISTS `positions`;
/*!40101 SET @saved_cs_client     = @@character_set_client */;
/*!50503 SET character_set_client = utf8mb4 */;
CREATE TABLE `positions` (
  `DOCUMENTID` int DEFAULT NULL,
  `POSITIONNO` int DEFAULT NULL,
  `PRODUCTID` int DEFAULT NULL,
  `QUANTITY` int DEFAULT NULL,
  `PRICE` int DEFAULT NULL,
  UNIQUE KEY `SYS_CT_1` (`DOCUMENTID`,`POSITIONNO`)
) ENGINE=InnoDB DEFAULT CHARSET=utf8mb4 COLLATE=utf8mb4_0900_ai_ci;
/*!40101 SET character_set_client = @saved_cs_client */;

--
-- Dumping data for table `positions`
--

LOCK TABLES `positions` WRITE;
/*!40000 ALTER TABLE `positions` DISABLE KEYS */;
INSERT INTO `positions` VALUES (0,12,1,11,37),(0,11,12,4,25),(0,10,4,8,19),(0,9,35,4,11),(0,8,0,23,8),(0,7,7,10,13),(0,6,16,9,29),(0,5,12,15,25),(0,4,47,1,27),(0,3,1,9,37),(0,2,47,3,27),(0,1,14,19,19),(0,0,7,12,13),(1,6,25,19,24),(1,5,25,9,24),(1,4,16,16,29),(1,3,38,8,32),(1,2,19,6,17),(1,1,0,9,8),(1,0,40,8,4),(2,16,36,24,5),(2,15,0,18,8),(2,14,48,19,32),(2,13,12,1,25),(2,12,21,15,17),(2,11,42,21,30),(2,10,49,11,3),(2,9,18,7,26),(2,8,39,2,23),(2,7,30,5,35),(2,6,43,8,14),(2,5,30,4,35),(2,4,38,18,32),(2,3,19,13,17),(2,2,11,9,13),(2,1,25,3,24),(2,0,4,18,19),(3,17,30,17,35),(3,16,19,11,17),(3,15,23,18,11),(3,14,17,22,33),(3,13,41,2,31),(3,12,41,22,31),(3,11,7,11,13),(3,10,10,17,31),(3,9,29,17,17),(3,8,49,9,3),(3,7,26,4,38),(3,6,13,18,27),(3,5,30,10,35),(3,4,20,12,30),(3,3,0,22,8),(3,2,49,3,3),(3,1,1,20,37),(3,0,11,21,13),(4,5,37,24,14),(4,4,9,18,26),(4,3,23,20,11),(4,2,41,23,31),(4,1,35,15,11),(4,0,28,9,5),(5,13,18,17,26),(5,12,8,15,34),(5,11,38,23,32),(5,10,28,18,5),(5,9,37,9,14),(5,8,20,3,30),(5,7,2,4,37),(5,6,7,9,13),(5,5,46,15,9),(5,4,32,14,29),(5,3,24,12,11),(5,2,20,18,30),(5,1,9,23,26),(5,0,9,5,26),(6,11,44,1,14),(6,10,16,13,29),(6,9,19,2,17),(6,8,41,19,31),(6,7,26,10,38),(6,6,37,22,14),(6,5,14,20,19),(6,4,31,20,7),(6,3,30,2,35),(6,2,23,8,11),(6,1,38,21,32),(6,0,15,20,14),(7,18,23,5,11),(7,17,40,1,4),(7,16,7,12,13),(7,15,24,17,11),(7,14,47,14,27),(7,13,32,23,29),(7,12,40,16,4),(7,11,19,13,17),(7,10,7,1,13),(7,9,9,21,26),(7,8,42,19,30),(7,7,2,22,37),(7,6,14,4,19),(7,5,24,10,11),(7,4,2,13,37),(7,3,30,2,35),(7,2,27,17,35),(7,1,23,12,11),(7,0,43,16,14),(8,9,21,23,17),(8,8,38,7,32),(8,7,6,5,15),(8,6,15,19,14),(8,5,24,18,11),(8,4,15,8,14),(8,3,41,16,31),(8,2,11,8,13),(8,1,44,16,14),(8,0,34,15,38),(9,19,48,23,32),(9,18,3,12,38),(9,17,13,17,27),(9,16,24,10,11),(9,15,48,23,32),(9,14,15,8,14),(9,13,42,13,30),(9,12,25,23,24),(9,11,12,16,25),(9,10,38,11,32),(9,9,13,6,27),(9,8,24,11,11),(9,7,2,22,37),(9,6,18,10,26),(9,5,6,2,15),(9,4,36,16,5),(9,3,4,14,19),(9,2,29,12,17),(9,1,18,21,26),(9,0,45,8,27),(10,9,5,10,35),(10,8,22,11,10),(10,7,4,13,19),(10,6,18,14,26),(10,5,5,24,35),(10,4,10,24,31),(10,3,46,1,9),(10,2,7,9,13),(10,1,33,17,27),(10,0,20,1,30),(11,8,20,1,30),(11,7,48,22,32),(11,6,0,12,8),(11,5,19,2,17),(11,4,47,16,27),(11,3,32,21,29),(11,2,0,3,8),(11,1,21,21,17),(11,0,45,10,27),(12,18,9,4,26),(12,17,31,15,7),(12,16,0,9,8),(12,15,22,16,10),(12,14,25,11,24),(12,13,36,21,5),(12,12,13,12,27),(12,11,28,16,5),(12,10,46,19,9),(12,9,25,22,24),(12,8,48,2,32),(12,7,48,7,32),(12,6,31,15,7),(12,5,37,17,14),(12,4,20,11,30),(12,3,0,18,8),(12,2,6,5,15),(12,1,41,19,31),(12,0,1,24,37),(13,21,40,1,4),(13,20,5,19,35),(13,19,42,18,30),(13,18,0,16,8),(13,17,32,18,29),(13,16,22,23,10),(13,15,0,20,8),(13,14,1,12,37),(13,13,10,20,31),(13,12,17,3,33),(13,11,14,3,19),(13,10,45,24,27),(13,9,24,10,11),(13,8,48,11,32),(13,7,29,24,17),(13,6,19,8,17),(13,5,22,19,10),(13,4,26,21,38),(13,3,32,2,29),(13,2,13,20,27),(13,1,1,1,37),(13,0,16,10,29),(14,13,11,23,13),(14,12,4,20,19),(14,11,25,15,24),(14,10,44,16,14),(14,9,13,16,27),(14,8,23,7,11),(14,7,43,4,14),(14,6,26,18,38),(14,5,11,8,13),(14,4,41,17,31),(14,3,34,11,38),(14,2,15,18,14),(14,1,9,22,26),(14,0,42,18,30),(15,2,24,6,11),(15,1,13,21,27),(15,0,17,12,33),(16,15,12,3,25),(16,14,0,19,8),(16,13,20,1,30),(16,12,18,2,26),(16,11,24,7,11),(16,10,43,8,14),(16,9,11,10,13),(16,8,13,17,27),(16,7,8,17,34),(16,6,44,7,14),(16,5,11,15,13),(16,4,10,24,31),(16,3,0,3,8),(16,2,20,15,30),(16,1,36,20,5),(16,0,18,15,26),(17,19,46,12,9),(17,18,5,9,35),(17,17,7,5,13),(17,16,8,16,34),(17,15,35,10,11),(17,14,18,2,26),(17,13,41,5,31),(17,12,22,16,10),(17,11,45,10,27),(17,10,10,12,31),(17,9,8,15,34),(17,8,49,8,3),(17,7,6,15,15),(17,6,43,6,14),(17,5,44,1,14),(17,4,23,2,11),(17,3,24,4,11),(17,2,44,11,14),(17,1,19,19,17),(17,0,16,8,29),(18,18,10,1,31),(18,17,8,1,34),(18,16,31,12,7),(18,15,44,20,14),(18,14,28,20,5),(18,13,14,12,19),(18,12,37,12,14),(18,11,30,8,35),(18,10,34,18,38),(18,9,2,2,37),(18,8,1,24,37),(18,7,15,14,14),(18,6,29,4,17),(18,5,15,6,14),(18,4,28,6,5),(18,3,19,8,17),(18,2,40,12,4),(18,1,33,12,27),(18,0,32,1,29),(19,4,36,24,5),(19,3,49,23,3),(19,2,4,22,19),(19,1,31,2,7),(19,0,12,7,25),(20,11,15,8,14),(20,10,25,11,24),(20,9,12,8,25),(20,8,44,18,14),(20,7,9,9,26),(20,6,20,2,30),(20,5,8,14,34),(20,4,30,13,35),(20,3,25,14,24),(20,2,24,22,11),(20,1,29,6,17),(20,0,47,15,27),(21,11,20,11,30),(21,10,19,14,17),(21,9,35,17,11),(21,8,44,19,14),(21,7,8,9,34),(21,6,26,7,38),(21,5,27,18,35),(21,4,49,22,3),(21,3,30,13,35),(21,2,31,17,7),(21,1,38,19,32),(21,0,9,10,26),(22,9,23,1,11),(22,8,3,2,38),(22,7,21,6,17),(22,6,4,11,19),(22,5,24,5,11),(22,4,5,21,35),(22,3,22,5,10),(22,2,12,20,25),(22,1,30,11,35),(22,0,9,6,26),(23,16,8,11,34),(23,15,13,17,27),(23,14,44,2,14),(23,13,14,17,19),(23,12,4,17,19),(23,11,41,8,31),(23,10,4,18,19),(23,9,20,18,30),(23,8,6,17,15),(23,7,39,3,23),(23,6,16,1,29),(23,5,32,14,29),(23,4,23,19,11),(23,3,40,19,4),(23,2,33,18,27),(23,1,26,8,38),(23,0,48,22,32),(24,15,39,17,23),(24,14,1,13,37),(24,13,15,21,14),(24,12,0,8,8),(24,11,1,4,37),(24,10,27,4,35),(24,9,21,8,17),(24,8,5,18,35),(24,7,7,13,13),(24,6,40,3,4),(24,5,35,16,11),(24,4,15,17,14),(24,3,17,23,33),(24,2,38,10,32),(24,1,46,18,9),(24,0,43,14,14),(25,8,38,3,32),(25,7,16,8,29),(25,6,21,18,17),(25,5,10,5,31),(25,4,47,10,27),(25,3,19,4,17),(25,2,13,8,27),(25,1,43,13,14),(25,0,5,15,35),(26,16,30,4,35),(26,15,8,6,34),(26,14,26,6,38),(26,13,13,10,27),(26,12,27,20,35),(26,11,18,3,26),(26,10,34,16,38),(26,9,1,23,37),(26,8,40,13,4),(26,7,4,16,19),(26,6,7,23,13),(26,5,38,4,32),(26,4,46,7,9),(26,3,16,3,29),(26,2,33,7,27),(26,1,43,21,14),(26,0,42,16,30),(27,2,19,1,17),(27,1,45,15,27),(27,0,24,15,11),(28,8,28,6,5),(28,7,28,8,5),(28,6,33,16,27),(28,5,49,4,3),(28,4,45,17,27),(28,3,6,3,15),(28,2,44,22,14),(28,1,15,13,14),(28,0,35,13,11),(29,8,35,6,11),(29,7,5,1,35),(29,6,4,16,19),(29,5,31,13,7),(29,4,4,7,19),(29,3,7,21,13),(29,2,17,23,33),(29,1,38,12,32),(29,0,33,17,27),(30,6,14,23,19),(30,5,43,23,14),(30,4,34,2,38),(30,3,33,2,27),(30,2,10,18,31),(30,1,16,19,29),(30,0,14,7,19),(31,10,0,3,8),(31,9,14,15,19),(31,8,7,5,13),(31,7,38,3,32),(31,6,26,16,38),(31,5,1,4,37),(31,4,8,14,34),(31,3,12,10,25),(31,2,4,3,19),(31,1,4,23,19),(31,0,33,10,27),(32,2,1,14,37),(32,1,30,13,35),(32,0,35,11,11),(33,15,38,7,32),(33,14,44,13,14),(33,13,25,16,24),(33,12,16,23,29),(33,11,5,7,35),(33,10,24,9,11),(33,9,29,5,17),(33,8,3,15,38),(33,7,43,10,14),(33,6,17,16,33),(33,5,8,11,34),(33,4,24,1,11),(33,3,48,1,32),(33,2,36,16,5),(33,1,10,21,31),(33,0,36,5,5),(34,14,46,7,9),(34,13,30,14,35),(34,12,43,21,14),(34,11,4,17,19),(34,10,41,16,31),(34,9,8,17,34),(34,8,3,1,38),(34,7,21,22,17),(34,6,32,7,29),(34,5,45,13,27),(34,4,27,1,35),(34,3,44,15,14),(34,2,28,22,5),(34,1,4,3,19),(34,0,10,22,31),(35,13,19,17,17),(35,12,7,23,13),(35,11,44,9,14),(35,10,17,11,33),(35,9,19,1,17),(35,8,0,1,8),(35,7,22,15,10),(35,6,5,4,35),(35,5,33,5,27),(35,4,14,17,19),(35,3,27,10,35),(35,2,14,4,19),(35,1,3,9,38),(35,0,20,17,30),(36,11,44,9,14),(36,10,47,11,27),(36,9,31,18,7),(36,8,4,21,19),(36,7,39,19,23),(36,6,39,20,23),(36,5,25,8,24),(36,4,40,5,4),(36,3,10,8,31),(36,2,1,6,37),(36,1,15,23,14),(36,0,18,13,26),(37,21,6,9,15),(37,20,14,1,19),(37,19,19,20,17),(37,18,26,22,38),(37,17,38,18,32),(37,16,27,8,35),(37,15,32,12,29),(37,14,12,3,25),(37,13,32,3,29),(37,12,24,23,11),(37,11,30,5,35),(37,10,1,18,37),(37,9,47,16,27),(37,8,46,9,9),(37,7,24,19,11),(37,6,34,12,38),(37,5,1,14,37),(37,4,13,20,27),(37,3,26,7,38),(37,2,36,8,5),(37,1,15,20,14),(37,0,41,24,31),(38,19,4,7,19),(38,18,28,20,5),(38,17,32,4,29),(38,16,40,18,4),(38,15,47,10,27),(38,14,20,7,30),(38,13,8,7,34),(38,12,1,18,37),(38,11,19,18,17),(38,10,4,18,19),(38,9,27,20,35),(38,8,40,10,4),(38,7,15,1,14),(38,6,5,19,35),(38,5,48,17,32),(38,4,45,14,27),(38,3,27,19,35),(38,2,4,8,19),(38,1,45,13,27),(38,0,48,14,32),(39,3,20,17,30),(39,2,39,16,23),(39,1,24,6,11),(39,0,10,12,31),(40,20,4,16,19),(40,19,7,23,13),(40,18,33,11,27),(40,17,4,20,19),(40,16,27,16,35),(40,15,22,12,10),(40,14,4,24,19),(40,13,6,8,15),(40,12,35,13,11),(40,11,27,2,35),(40,10,6,11,15),(40,9,40,17,4),(40,8,11,4,13),(40,7,31,1,7),(40,6,28,12,5),(40,5,32,18,29),(40,4,18,13,26),(40,3,26,10,38),(40,2,4,5,19),(40,1,45,24,27),(40,0,46,24,9),(41,11,48,15,32),(41,10,24,20,11),(41,9,26,21,38),(41,8,9,22,26),(41,7,22,18,10),(41,6,17,11,33),(41,5,9,21,26),(41,4,16,22,29),(41,3,29,20,17),(41,2,36,2,5),(41,1,47,19,27),(41,0,5,24,35),(42,4,48,15,32),(42,3,40,14,4),(42,2,40,19,4),(42,1,18,21,26),(42,0,48,9,32),(43,16,38,12,32),(43,15,48,7,32),(43,14,3,18,38),(43,13,44,22,14),(43,12,40,24,4),(43,11,49,23,3),(43,10,35,1,11),(43,9,7,23,13),(43,8,44,8,14),(43,7,11,15,13),(43,6,24,1,11),(43,5,33,6,27),(43,4,32,22,29),(43,3,6,18,15),(43,2,2,15,37),(43,1,18,19,26),(43,0,15,22,14),(44,8,28,23,5),(44,7,49,17,3),(44,6,14,15,19),(44,5,41,22,31),(44,4,12,3,25),(44,3,3,14,38),(44,2,17,14,33),(44,1,34,17,38),(44,0,33,20,27),(45,14,3,16,38),(45,13,47,8,27),(45,12,32,13,29),(45,11,31,22,7),(45,10,41,24,31),(45,9,26,18,38),(45,8,9,2,26),(45,7,6,24,15),(45,6,39,5,23),(45,5,45,17,27),(45,4,3,14,38),(45,3,14,11,19),(45,2,46,8,9),(45,1,11,6,13),(45,0,44,6,14),(46,17,12,23,25),(46,16,46,21,9),(46,15,40,11,4),(46,14,24,10,11),(46,13,36,20,5),(46,12,21,24,17),(46,11,1,4,37),(46,10,11,24,13),(46,9,7,4,13),(46,8,8,22,34),(46,7,49,9,3),(46,6,41,18,31),(46,5,25,9,24),(46,4,17,5,33),(46,3,21,19,17),(46,2,30,14,35),(46,1,12,24,25),(46,0,5,21,35),(47,13,33,8,27),(47,12,12,20,25),(47,11,35,10,11),(47,10,45,2,27),(47,9,32,9,29),(47,8,16,2,29),(47,7,28,14,5),(47,6,8,10,34),(47,5,40,8,4),(47,4,15,1,14),(47,3,1,4,37),(47,2,17,6,33),(47,1,23,13,11),(47,0,23,15,11),(48,10,41,10,31),(48,9,35,17,11),(48,8,5,12,35),(48,7,30,19,35),(48,6,11,17,13),(48,5,24,16,11),(48,4,48,4,32),(48,3,10,2,31),(48,2,23,10,11),(48,1,26,23,38),(48,0,6,23,15),(49,16,24,18,11),(49,15,19,24,17),(49,14,23,5,11),(49,13,6,22,15),(49,12,21,17,17),(49,11,40,15,4),(49,10,30,16,35),(49,9,7,24,13),(49,8,48,24,32),(49,7,6,21,15),(49,6,29,15,17),(49,5,16,1,29),(49,4,47,14,27),(49,3,17,19,33),(49,2,29,6,17),(49,1,22,16,10),(49,0,18,6,26);
/*!40000 ALTER TABLE `positions` ENABLE KEYS */;
UNLOCK TABLES;

--
-- Table structure for table `product`
--

DROP TABLE IF EXISTS `product`;
/*!40101 SET @saved_cs_client     = @@character_set_client */;
/*!50503 SET character_set_client = utf8mb4 */;
CREATE TABLE `product` (
  `ID` int NOT NULL,
  `NAME` varchar(200) DEFAULT NULL,
  `COST` decimal(10,0) DEFAULT NULL,
  PRIMARY KEY (`ID`)
) ENGINE=InnoDB DEFAULT CHARSET=utf8mb4 COLLATE=utf8mb4_0900_ai_ci;
/*!40101 SET character_set_client = @saved_cs_client */;

--
-- Dumping data for table `product`
--

LOCK TABLES `product` WRITE;
/*!40000 ALTER TABLE `product` DISABLE KEYS */;
INSERT INTO `product` VALUES (0,'Iron Iron',5),(1,'Chair Shoe',25),(2,'Telephone Clock',25),(3,'Chair Chair',25),(4,'Ice Tea Shoe',13),(5,'Clock Clock',24),(6,'Ice Tea Chair',10),(7,'Telephone Shoe',8),(8,'Ice Tea Clock',23),(9,'Clock Telephone',17),(10,'Telephone Ice Tea',20),(11,'Telephone Iron',9),(12,'Clock Ice Tea',17),(13,'Telephone Clock',18),(14,'Telephone Iron',12),(15,'Ice Tea Chair',9),(16,'Ice Tea Shoe',19),(17,'Clock Ice Tea',22),(18,'Chair Clock',17),(19,'Ice Tea Ice Tea',11),(20,'Ice Tea Telephone',20),(21,'Chair Chair',11),(22,'Iron Iron',7),(23,'Shoe Chair',8),(24,'Chair Shoe',7),(25,'Shoe Shoe',16),(26,'Shoe Shoe',25),(27,'Telephone Iron',23),(28,'Clock Iron',3),(29,'Chair Telephone',11),(30,'Shoe Iron',23),(31,'Ice Tea Telephone',5),(32,'Clock Iron',19),(33,'Iron Chair',18),(34,'Chair Iron',26),(35,'Telephone Shoe',8),(36,'Ice Tea Iron',3),(37,'Clock Shoe',9),(38,'Clock Ice Tea',22),(39,'Ice Tea Shoe',15),(40,'Shoe Clock',3),(41,'Clock Ice Tea',21),(42,'Iron Chair',20),(43,'Telephone Clock',9),(44,'Ice Tea Ice Tea',10),(45,'Iron Ice Tea',18),(46,'Ice Tea Clock',6),(47,'Ice Tea Iron',18),(48,'Clock Clock',21),(49,'Iron Iron',2);
/*!40000 ALTER TABLE `product` ENABLE KEYS */;
UNLOCK TABLES;

--
-- Table structure for table `tasks`
--

DROP TABLE IF EXISTS `tasks`;
/*!40101 SET @saved_cs_client     = @@character_set_client */;
/*!50503 SET character_set_client = utf8mb4 */;
CREATE TABLE `tasks` (
  `SERIES` varchar(200) DEFAULT NULL,
  `TASK` varchar(200) DEFAULT NULL,
  `SUBTASK` varchar(200) DEFAULT NULL,
  `STARTTIMESTAMP` timestamp NULL DEFAULT NULL,
  `ENDTIMESTAMP` timestamp NULL DEFAULT NULL,
  `PERCENT` decimal(10,0) DEFAULT NULL
) ENGINE=InnoDB DEFAULT CHARSET=utf8mb4 COLLATE=utf8mb4_0900_ai_ci;
/*!40101 SET character_set_client = @saved_cs_client */;

--
-- Dumping data for table `tasks`
--

LOCK TABLES `tasks` WRITE;
/*!40000 ALTER TABLE `tasks` DISABLE KEYS */;
INSERT INTO `tasks` VALUES ('Scheduled','TASK1','SUBTASK1','1998-05-05 22:00:00','1998-05-06 22:00:00',NULL),('Scheduled','TASK1','SUBTASK2','1998-04-30 22:00:00','1998-05-01 22:00:00',NULL),('Scheduled','TASK1','SUBTASK3','1998-05-02 22:00:00','1998-05-04 22:00:00',NULL),('Scheduled','TASK1','SUBTASK4','1998-05-10 22:00:00','1998-05-14 22:00:00',NULL),('Scheduled','TASK2','SUBTASK1','1998-05-05 22:00:00','1998-05-07 22:00:00',NULL),('Scheduled','TASK2','SUBTASK2','1998-05-08 04:00:00','1998-05-08 22:00:00',NULL),('Scheduled','TASK2','SUBTASK3','1998-05-09 22:00:00','1998-05-14 22:00:00',NULL),('Scheduled','TASK3','SUBTASK1','1998-05-06 22:00:00','1998-05-07 22:00:00',NULL),('Actual','TASK1','SUBTASK1','1998-05-06 22:00:00','1998-05-08 22:00:00',0),('Actual','TASK1','SUBTASK2','1998-04-30 22:00:00','1998-05-01 22:00:00',1),('Actual','TASK1','SUBTASK3','1998-05-01 22:00:00','1998-05-04 22:00:00',1),('Actual','TASK1','SUBTASK4','1998-05-11 22:00:00','1998-05-14 22:00:00',1),('Actual','TASK2','SUBTASK1','1998-05-05 22:00:00','1998-05-09 22:00:00',0),('Actual','TASK2','SUBTASK2','1998-05-18 04:00:00','1998-05-18 22:00:00',0),('Actual','TASK2','SUBTASK3','1998-05-10 22:00:00','1998-05-14 22:00:00',0),('Actual','TASK3','SUBTASK1','1998-05-09 22:00:00','1998-05-10 22:00:00',1);
/*!40000 ALTER TABLE `tasks` ENABLE KEYS */;
UNLOCK TABLES;

--
-- Dumping routines for database 'ejercicio51'
--
/*!40103 SET TIME_ZONE=@OLD_TIME_ZONE */;

/*!40101 SET SQL_MODE=@OLD_SQL_MODE */;
/*!40014 SET FOREIGN_KEY_CHECKS=@OLD_FOREIGN_KEY_CHECKS */;
/*!40014 SET UNIQUE_CHECKS=@OLD_UNIQUE_CHECKS */;
/*!40101 SET CHARACTER_SET_CLIENT=@OLD_CHARACTER_SET_CLIENT */;
/*!40101 SET CHARACTER_SET_RESULTS=@OLD_CHARACTER_SET_RESULTS */;
/*!40101 SET COLLATION_CONNECTION=@OLD_COLLATION_CONNECTION */;
/*!40111 SET SQL_NOTES=@OLD_SQL_NOTES */;

-- Dump completed on 2024-01-16 19:25:51
