<?xml version="1.0" encoding="UTF-8"?>
<project-private xmlns="http://www.netbeans.org/ns/project-private/1">
    <editor-bookmarks xmlns="http://www.netbeans.org/ns/editor-bookmarks/2" lastBookmarkId="0"/>
    <open-files xmlns="http://www.netbeans.org/ns/projectui-open-files/2">
        <group name="DI">
            <file>file:/C:/DAM/DAM-2/DI/EVALUACION-1/T3-Crecion%20de%20Componentes%20Visuales/EXAMEN/ComponenteSemaforo/src/componentesemaforo/MiBotonColores.java</file>
            <file>file:/C:/DAM/DAM-2/DI/EVALUACION-1/T3-Crecion%20de%20Componentes%20Visuales/EXAMEN/ComponenteSemaforo/src/componentesemaforo/Main.java</file>
        </group>
    </open-files>
</project-private>
